group,instances,optimal,optimal_rate,max_ratio,mean_ratio,total_excess,total_tau,c10_exact,c10_raw_optimal,c10_raw_excess,c11_exact,optimal_c1,optimal_c2,optimal_c3,optimal_c4,optimal_c5,optimal_c6,optimal_c7,optimal_c8,optimal_c9,optimal_c10,optimal_c11,optimal_c12,seconds
"2D grid",4,4,1.0000,1.000000,1.000000,0,30394,0,0,5606,0,0,2,2,2,0,0,0,2,4,4,4,4,23.43
"2D grid, 70% edges kept",8,5,0.6250,1.006551,1.002019,188,30885,3,0,4077,3,0,1,0,0,0,0,0,0,2,2,5,5,23.00
"3D grid",4,4,1.0000,1.000000,1.000000,0,31212,0,0,8534,0,0,4,2,2,0,0,0,2,4,4,4,4,32.11
"complete bipartite",2,2,1.0000,1.000000,1.000000,0,275,0,1,50,0,2,2,2,2,2,2,2,2,2,2,2,2,26.51
"crown graph",2,2,1.0000,1.000000,1.000000,0,550,0,2,0,0,2,2,2,2,2,2,2,2,2,2,2,2,35.24
"double cover G x K2 of random regular",16,16,1.0000,1.000000,1.000000,0,63300,0,0,13335,0,0,0,0,16,0,0,0,16,16,16,16,16,54.65
"even cycle",4,4,1.0000,1.000000,1.000000,0,30550,4,0,10181,4,0,4,4,4,0,0,0,4,4,4,4,4,14.87
"hidden perfect matching + random edges",16,15,0.9375,1.000160,1.000010,4,63300,0,0,10523,3,0,5,1,10,0,0,0,10,14,14,15,15,52.20
"hypercube",4,4,1.0000,1.000000,1.000000,0,10880,0,0,6166,0,0,4,4,4,0,0,0,4,4,4,4,4,23.68
"hypercube, 50% edges kept",4,2,0.5000,1.000489,1.000153,2,10877,0,0,3151,0,0,0,0,0,0,0,0,0,2,2,2,2,13.86
"power-law bipartite",8,8,1.0000,1.000000,1.000000,0,20783,2,0,927,3,2,2,2,8,2,2,1,8,8,8,8,8,19.65
"random bipartite (1:2)",24,24,1.0000,1.000000,1.000000,0,63033,0,6,5386,0,12,21,8,22,12,9,11,22,24,24,24,24,175.13
"random bipartite (balanced)",24,22,0.9167,1.006637,1.000312,24,92563,0,2,13726,0,0,8,0,8,0,0,1,10,22,22,22,22,194.00
"random d-regular bipartite",24,24,1.0000,1.000000,1.000000,0,94950,0,1,19418,0,0,24,19,23,0,22,0,24,24,24,24,24,91.99
"random tree",8,8,1.0000,1.000000,1.000000,0,27437,8,0,4012,8,0,0,1,8,0,1,0,8,8,8,8,8,14.72
"ALL",152,144,0.9474,1.006637,1.000161,218,570989,17,12,105092,21,18,79,47,111,18,38,17,114,140,140,144,144,795.03
