group,instances,max_ratio_upper_bound,mean_ratio_upper_bound,max_ratio_upper_bound_legacy,all_valid,max_n,max_elapsed_seconds
Barabasi-Albert scale-free hub graph,3,1.011470708725932,1.0072369279870481,1.3534808121435853,True,200000,34.568533
Complete bipartite (dense),3,1.0,1.0,1.0,True,1600,10.874875
Crown graph K_{h,h} minus perfect matching (dense, near-regular),3,1.0,1.0,1.0,True,1600,10.753454
Double star + bridge (matching-heuristic stress),3,1.0,1.0,1.0,True,200002,13.216846
Hierarchical star trap (degree-greedy tie-break stress),2,1.0,1.0,1.0,True,152917,10.106338
Random 12-regular (bounded-degree adversarial),3,1.1693631028165077,1.1682623723037426,1.5764806848985315,True,200000,54.388713
Random 3-regular (bounded-degree adversarial),3,1.0792233009708738,1.0787789735625557,1.2476496422514012,True,200000,24.414390
Random 6-regular (bounded-degree adversarial),3,1.1452108349623011,1.1446278201672984,1.4163345537806866,True,200000,35.467776
Sparse Erdos-Renyi, avg degree 4,3,1.066183989855606,1.0654073136727937,1.2585043049836375,True,200000,27.847105
Watts-Strogatz small-world,2,1.0553635280095353,1.0550708679047378,1.417767106842737,True,50000,5.393348
