family,instances,tau_known,optimal,mean_ratio,max_ratio,max_ratio_upper_bound,in_residue,max_best_certified,mean_degree_auc,mean_kernel_fraction,persistency_respected,mean_ke_gap,with_12_swap,mean_greedy_excess_rel,mean_excess_rel,corr_excess_auc,best_certificate_counts,corr_excess_kernel,seconds
"kr_fixedweight (k=4, |x|=2, s=16)",12,12,8,1.0108232693757573,1.0480769230769231,1.0480769230769231,2,2.0,0.607812884867864,0.10195312499999999,8,1.0,0,0.044328321987319126,0.010823269375757373,-0.4506084918495512,{'C1_matching': 2, 'C2_caro_wei': 10},-0.15540713695027947,8.167121599981328
"kr_fixedweight (k=5, |x|=2, s=16)",12,7,4,1.0116380191834213,1.0395778364116095,1.1666666666666667,0,1.8213213213213213,0.5169918168213948,1.0,12,1.1825892857142857,0,0.02484107380110299,0.011638019183421418,-0.1606459105629725,{'C2_caro_wei': 12},,4.507370999985142
"kr_fixedweight (k=6, |x|=3, s=16)",12,12,12,1.0,1.0,1.0,0,1.7896825396825398,0.7826677328325586,0.23580422777673923,12,1.0,0,0.019039716691385426,0.0,,{'C2_caro_wei': 12},,3.8659520999499364
"kr_sampled (k=4, p=0.45, s=16)",12,9,7,1.0048714054732006,1.04093567251462,1.04093567251462,0,1.8860759493670887,0.846660356854958,0.9913411458333333,12,1.066413004412675,0,0.012420886022287041,0.004871405473200658,-0.4507012326845945,{'C2_caro_wei': 12},0.19420611539539043,4.747491200017976
"kr_sampled (k=6, p=0.45, s=16)",12,12,11,1.0002540650406504,1.0030487804878048,1.0030487804878048,0,1.894736842105263,0.9063352832644772,0.7765625022022203,12,1.0257397451494816,0,0.012968386198456014,0.00025406504065040653,-0.1890201325404468,{'C2_caro_wei': 12},0.21257697732096123,3.020346300021629
"planted_regular (alpha=0.45, d=6)",12,8,8,1.0,1.0,1.0542168674698795,0,1.6596385542168675,0.6023557124763405,1.0,12,1.0890625,0,0.0,0.0,,{'C2_caro_wei': 12},,1.609113799961051
"planted_regular (alpha=0.48, d=10)",12,12,12,1.0,1.0,1.0,0,1.7522522522522523,0.6360158015777698,1.0,12,1.04375,0,0.0,0.0,,{'C2_caro_wei': 12},,2.2796386999980314
"random_regular (d=3)",12,6,2,1.0075331370263287,1.0170454545454546,1.086890243902439,0,1.4634146341463414,0.5,1.0,12,1.109375,0,0.030047487347287388,0.007533137026328799,,{'C2_caro_wei': 12},,0.954131900012726
"random_regular (d=6)",12,1,0,1.0095238095238095,1.0095238095238095,1.2541106128550075,0,1.639760837070254,0.5,1.0,12,1.3125,0,0.009523809523809525,0.009523809523809525,,{'C2_caro_wei': 12},,1.623035600001458
"thinned_grid (70% edges)",12,12,6,1.0026239682793112,1.0065359477124183,1.0065359477124183,0,1.4563758389261745,0.6457899626501292,0.4972933510095053,7,1.0,0,0.03579938331700618,0.0026239682793112724,-0.019010065203719954,{'C2_caro_wei': 12},-0.28349941161478004,3.042869000011706
"ALL",120,91,70,1.003785132390914,1.0480769230769231,1.2541106128550075,2,2.0,0.6544629551345492,0.7602954351821798,111,1.0482524063901961,0,0.020012240909294935,0.0037851323909139207,-0.3202332046063583,{'C1_matching': 2, 'C2_caro_wei': 118},-0.09916356102814933,33.81707119994098
