group,name,n,m,tau,c1,c2,c3,c4,c5,c6,c7,c8,c9,c10,c11,c12,final,ratio,excess,optimal,optimal_strategies,c10_exact,c10_raw,c10_core_size,c11_exact,c11_core_size,elapsed_seconds
"random bipartite (balanced)",gnp_bip_bal_n100_d3_r0,100,157,44,48,47,49,44,48,51,50,44,44,44,44,44,44,1.000000,0,True,c4+c8+c9+c10+c11+c12,False,51,37,False,19,0.030
"random bipartite (1:2)",gnp_bip_unbal_n100_d3_r0,100,136,33,36,33,39,33,36,35,33,33,33,33,33,33,33,1.000000,0,True,c2+c4+c7+c8+c9+c10+c11+c12,False,36,29,False,13,0.019
"random bipartite (balanced)",gnp_bip_bal_n100_d6_r0,100,296,50,67,53,59,54,67,61,68,54,50,50,50,50,50,1.000000,0,True,c9+c10+c11+c12,False,60,114,False,52,0.037
"random bipartite (1:2)",gnp_bip_unbal_n100_d6_r0,100,302,33,33,33,33,33,33,33,33,33,33,33,33,33,33,1.000000,0,True,c1+c2+c3+c4+c5+c6+c7+c8+c9+c10+c11+c12,False,33,120,False,33,0.030
"random bipartite (balanced)",gnp_bip_bal_n100_d20_r0,100,1002,50,85,50,83,50,85,78,80,50,50,50,50,50,50,1.000000,0,True,c2+c4+c8+c9+c10+c11+c12,False,80,513,False,100,0.125
"random bipartite (1:2)",gnp_bip_unbal_n100_d20_r0,100,980,33,33,33,33,33,33,33,33,33,33,33,33,33,33,1.000000,0,True,c1+c2+c3+c4+c5+c6+c7+c8+c9+c10+c11+c12,False,33,496,False,97,0.100
"random d-regular bipartite",reg_bip_n100_d3_r0,100,142,50,62,50,50,50,62,50,62,50,50,50,50,50,50,1.000000,0,True,c2+c3+c4+c6+c8+c9+c10+c11+c12,False,61,25,False,21,0.021
"random d-regular bipartite",reg_bip_n100_d4_r0,100,195,50,68,50,50,50,68,50,68,50,50,50,50,50,50,1.000000,0,True,c2+c3+c4+c6+c8+c9+c10+c11+c12,False,59,58,False,43,0.023
"random d-regular bipartite",reg_bip_n100_d8_r0,100,372,50,62,50,60,50,62,50,62,50,50,50,50,50,50,1.000000,0,True,c2+c4+c6+c8+c9+c10+c11+c12,False,56,157,False,50,0.053
"power-law bipartite",powerlaw_bip_n100_r0,100,142,40,40,41,42,40,40,40,41,40,40,40,40,40,40,1.000000,0,True,c1+c4+c5+c6+c8+c9+c10+c11+c12,False,41,24,True,0,0.022
"double cover G x K2 of random regular",double_cover_n100_d3_r0,100,150,50,64,62,66,50,64,62,62,50,50,50,50,50,50,1.000000,0,True,c4+c8+c9+c10+c11+c12,False,61,26,False,24,0.022
"double cover G x K2 of random regular",double_cover_n100_d5_r0,100,250,50,71,66,74,50,71,72,71,50,50,50,50,50,50,1.000000,0,True,c4+c8+c9+c10+c11+c12,False,65,90,False,58,0.029
"hidden perfect matching + random edges",hidden_matching_n100_e1.5_r0,100,122,50,57,53,50,50,57,53,57,50,50,50,50,50,50,1.000000,0,True,c3+c4+c8+c9+c10+c11+c12,False,53,13,True,0,0.021
"hidden perfect matching + random edges",hidden_matching_n100_e4.0_r0,100,244,50,68,50,65,50,68,62,68,50,50,50,50,50,50,1.000000,0,True,c2+c4+c8+c9+c10+c11+c12,False,54,85,False,51,0.043
"random tree",tree_n100_r0,100,99,43,44,45,44,43,44,45,44,43,43,43,43,43,43,1.000000,0,True,c4+c8+c9+c10+c11+c12,True,46,0,True,0,0.013
"2D grid, 70% edges kept",thinned_grid_10x10_r0,100,126,47,55,47,49,48,55,52,54,48,47,47,47,47,47,1.000000,0,True,c2+c9+c10+c11+c12,True,59,0,True,0,0.043
"random bipartite (balanced)",gnp_bip_bal_n100_d3_r1,100,162,48,52,54,52,50,52,53,53,50,48,48,48,48,48,1.000000,0,True,c9+c10+c11+c12,False,56,37,False,21,0.023
"random bipartite (1:2)",gnp_bip_unbal_n100_d3_r1,100,157,32,35,32,38,32,35,35,36,32,32,32,32,32,32,1.000000,0,True,c2+c4+c8+c9+c10+c11+c12,False,37,41,False,20,0.021
"random bipartite (balanced)",gnp_bip_bal_n100_d6_r1,100,310,50,69,60,63,51,69,65,70,51,50,50,50,50,50,1.000000,0,True,c9+c10+c11+c12,False,56,122,False,51,0.049
"random bipartite (1:2)",gnp_bip_unbal_n100_d6_r1,100,303,33,33,33,40,33,33,33,38,33,33,33,33,33,33,1.000000,0,True,c1+c2+c4+c5+c6+c8+c9+c10+c11+c12,False,33,120,False,33,0.031
"random bipartite (balanced)",gnp_bip_bal_n100_d20_r1,100,963,50,85,50,75,50,85,75,85,50,50,50,50,50,50,1.000000,0,True,c2+c4+c8+c9+c10+c11+c12,False,50,489,False,99,0.103
"random bipartite (1:2)",gnp_bip_unbal_n100_d20_r1,100,996,33,33,33,33,33,33,33,33,33,33,33,33,33,33,1.000000,0,True,c1+c2+c3+c4+c5+c6+c7+c8+c9+c10+c11+c12,False,33,503,False,97,0.096
"random d-regular bipartite",reg_bip_n100_d3_r1,100,146,50,63,50,50,50,63,50,63,50,50,50,50,50,50,1.000000,0,True,c2+c3+c4+c6+c8+c9+c10+c11+c12,False,57,28,False,25,0.029
"random d-regular bipartite",reg_bip_n100_d4_r1,100,192,50,66,50,50,50,66,50,66,50,50,50,50,50,50,1.000000,0,True,c2+c3+c4+c6+c8+c9+c10+c11+c12,False,63,54,False,40,0.024
"random d-regular bipartite",reg_bip_n100_d8_r1,100,370,50,72,50,68,50,72,55,72,50,50,50,50,50,50,1.000000,0,True,c2+c4+c8+c9+c10+c11+c12,False,68,159,False,55,0.041
"power-law bipartite",powerlaw_bip_n100_r1,100,106,36,37,36,36,36,37,37,37,36,36,36,36,36,36,1.000000,0,True,c2+c3+c4+c8+c9+c10+c11+c12,True,39,0,True,0,0.075
"double cover G x K2 of random regular",double_cover_n100_d3_r1,100,150,50,64,60,60,50,64,64,64,50,50,50,50,50,50,1.000000,0,True,c4+c8+c9+c10+c11+c12,False,58,34,False,30,0.020
"double cover G x K2 of random regular",double_cover_n100_d5_r1,100,250,50,69,66,68,50,69,69,71,50,50,50,50,50,50,1.000000,0,True,c4+c8+c9+c10+c11+c12,False,60,86,False,57,0.030
"hidden perfect matching + random edges",hidden_matching_n100_e1.5_r1,100,123,50,58,53,55,52,58,55,58,52,50,50,50,50,50,1.000000,0,True,c9+c10+c11+c12,False,55,14,True,0,0.021
"hidden perfect matching + random edges",hidden_matching_n100_e4.0_r1,100,249,50,65,51,67,50,65,65,65,50,50,50,50,50,50,1.000000,0,True,c4+c8+c9+c10+c11+c12,False,65,92,False,51,0.029
"random tree",tree_n100_r1,100,99,42,47,44,45,42,47,44,46,42,42,42,42,42,42,1.000000,0,True,c4+c8+c9+c10+c11+c12,True,49,0,True,0,0.013
"2D grid, 70% edges kept",thinned_grid_10x10_r1,100,129,49,54,54,54,51,54,54,54,51,50,50,49,49,49,1.000000,0,True,c11+c12,True,57,0,True,0,0.067
"random bipartite (balanced)",gnp_bip_bal_n100_d3_r2,100,150,47,51,51,51,48,51,49,51,48,47,47,47,47,47,1.000000,0,True,c9+c10+c11+c12,False,51,33,False,16,0.021
"random bipartite (1:2)",gnp_bip_unbal_n100_d3_r2,100,164,33,41,33,37,33,41,34,42,33,33,33,33,33,33,1.000000,0,True,c2+c4+c8+c9+c10+c11+c12,False,43,40,False,20,0.023
"random bipartite (balanced)",gnp_bip_bal_n100_d6_r2,100,313,50,67,51,63,54,67,64,65,54,50,50,50,50,50,1.000000,0,True,c9+c10+c11+c12,False,61,127,False,50,0.046
"random bipartite (1:2)",gnp_bip_unbal_n100_d6_r2,100,306,33,33,33,38,33,33,35,33,33,33,33,33,33,33,1.000000,0,True,c1+c2+c4+c5+c7+c8+c9+c10+c11+c12,False,33,120,False,33,0.032
"random bipartite (balanced)",gnp_bip_bal_n100_d20_r2,100,1037,50,83,50,64,50,83,83,50,50,50,50,50,50,50,1.000000,0,True,c2+c4+c7+c8+c9+c10+c11+c12,False,50,519,False,100,0.116
"random bipartite (1:2)",gnp_bip_unbal_n100_d20_r2,100,987,33,33,33,33,33,33,33,33,33,33,33,33,33,33,1.000000,0,True,c1+c2+c3+c4+c5+c6+c7+c8+c9+c10+c11+c12,False,33,502,False,98,0.117
"random d-regular bipartite",reg_bip_n100_d3_r2,100,146,50,63,50,50,50,63,50,63,50,50,50,50,50,50,1.000000,0,True,c2+c3+c4+c6+c8+c9+c10+c11+c12,False,57,24,False,26,0.019
"random d-regular bipartite",reg_bip_n100_d4_r2,100,192,50,60,50,50,50,60,50,60,50,50,50,50,50,50,1.000000,0,True,c2+c3+c4+c6+c8+c9+c10+c11+c12,False,50,56,False,41,0.023
"random d-regular bipartite",reg_bip_n100_d8_r2,100,371,50,75,50,60,50,75,63,75,50,50,50,50,50,50,1.000000,0,True,c2+c4+c8+c9+c10+c11+c12,False,65,162,False,63,0.040
"power-law bipartite",powerlaw_bip_n100_r2,100,99,37,37,37,37,37,37,37,37,37,37,37,37,37,37,1.000000,0,True,c1+c2+c3+c4+c5+c6+c7+c8+c9+c10+c11+c12,True,39,0,True,0,0.019
"double cover G x K2 of random regular",double_cover_n100_d3_r2,100,150,50,65,60,64,50,65,62,62,50,50,50,50,50,50,1.000000,0,True,c4+c8+c9+c10+c11+c12,False,63,33,False,31,0.020
"double cover G x K2 of random regular",double_cover_n100_d5_r2,100,250,50,70,66,72,50,70,68,67,50,50,50,50,50,50,1.000000,0,True,c4+c8+c9+c10+c11+c12,False,60,93,False,58,0.030
"hidden perfect matching + random edges",hidden_matching_n100_e1.5_r2,100,122,50,57,52,52,50,57,55,57,50,50,50,50,50,50,1.000000,0,True,c4+c8+c9+c10+c11+c12,False,56,9,True,0,0.021
"hidden perfect matching + random edges",hidden_matching_n100_e4.0_r2,100,249,50,71,50,61,50,71,54,71,50,50,50,50,50,50,1.000000,0,True,c2+c4+c8+c9+c10+c11+c12,False,62,91,False,49,0.028
"random tree",tree_n100_r2,100,99,43,46,44,43,43,46,43,46,43,43,43,43,43,43,1.000000,0,True,c3+c4+c6+c8+c9+c10+c11+c12,True,47,0,True,0,0.014
"2D grid, 70% edges kept",thinned_grid_10x10_r2,100,130,47,53,51,50,48,53,51,53,48,47,47,47,47,47,1.000000,0,True,c9+c10+c11+c12,True,56,0,True,0,0.039
"2D grid",grid_10x10,100,180,50,61,50,58,58,61,63,61,58,50,50,50,50,50,1.000000,0,True,c2+c9+c10+c11+c12,False,61,36,False,22,0.028
"3D grid",grid3d_5^3,125,300,62,75,62,62,62,75,75,75,62,62,62,62,62,62,1.000000,0,True,c2+c3+c4+c8+c9+c10+c11+c12,False,73,98,False,50,0.034
"even cycle",even_cycle_100,100,100,50,56,50,50,50,56,56,56,50,50,50,50,50,50,1.000000,0,True,c2+c3+c4+c8+c9+c10+c11+c12,True,66,0,True,0,0.018
"complete bipartite",K_25_75,100,1875,25,25,25,25,25,25,25,25,25,25,25,25,25,25,1.000000,0,True,c1+c2+c3+c4+c5+c6+c7+c8+c9+c10+c11+c12,False,75,903,False,100,0.214
"crown graph",crown_50,100,2450,50,50,50,50,50,50,50,50,50,50,50,50,50,50,1.000000,0,True,c1+c2+c3+c4+c5+c6+c7+c8+c9+c10+c11+c12,False,50,1257,False,100,0.289
"random bipartite (balanced)",gnp_bip_bal_n1000_d3_r0,1000,1453,452,497,471,469,455,497,472,490,455,455,455,455,455,455,1.006637,3,False,,False,496,329,False,191,0.258
"random bipartite (1:2)",gnp_bip_unbal_n1000_d3_r0,1000,1457,326,356,329,376,326,356,337,352,326,326,326,326,326,326,1.000000,0,True,c4+c8+c9+c10+c11+c12,False,356,350,False,174,0.256
"random bipartite (balanced)",gnp_bip_bal_n1000_d6_r0,1000,2969,499,670,577,625,540,670,627,661,540,499,499,499,499,499,1.000000,0,True,c9+c10+c11+c12,False,602,1176,False,504,0.598
"random bipartite (1:2)",gnp_bip_unbal_n1000_d6_r0,1000,2995,333,333,333,368,335,333,349,348,335,333,333,333,333,333,1.000000,0,True,c1+c2+c5+c9+c10+c11+c12,False,382,1203,False,348,0.556
"random bipartite (balanced)",gnp_bip_bal_n1000_d20_r0,1000,9948,500,848,500,827,524,848,811,847,500,500,500,500,500,500,1.000000,0,True,c2+c8+c9+c10+c11+c12,False,524,5118,False,992,1.494
"random bipartite (1:2)",gnp_bip_unbal_n1000_d20_r0,1000,9889,333,333,333,333,333,333,333,333,333,333,333,333,333,333,1.000000,0,True,c1+c2+c3+c4+c5+c6+c7+c8+c9+c10+c11+c12,False,364,5090,False,915,1.190
"random d-regular bipartite",reg_bip_n1000_d3_r0,1000,1497,500,625,500,500,500,625,500,625,500,500,500,500,500,500,1.000000,0,True,c2+c3+c4+c6+c8+c9+c10+c11+c12,False,578,320,False,330,0.238
"random d-regular bipartite",reg_bip_n1000_d4_r0,1000,1996,500,655,500,500,500,655,500,655,500,500,500,500,500,500,1.000000,0,True,c2+c3+c4+c6+c8+c9+c10+c11+c12,False,599,630,False,496,0.270
"random d-regular bipartite",reg_bip_n1000_d8_r0,1000,3976,500,764,500,505,505,764,500,764,500,500,500,500,500,500,1.000000,0,True,c2+c6+c8+c9+c10+c11+c12,False,584,1758,False,500,0.551
"power-law bipartite",powerlaw_bip_n1000_r0,1000,1095,373,378,378,375,373,378,379,379,373,373,373,373,373,373,1.000000,0,True,c4+c8+c9+c10+c11+c12,False,383,125,False,40,0.194
"double cover G x K2 of random regular",double_cover_n1000_d3_r0,1000,1500,500,634,614,624,500,634,630,628,500,500,500,500,500,500,1.000000,0,True,c4+c8+c9+c10+c11+c12,False,585,330,False,325,0.248
"double cover G x K2 of random regular",double_cover_n1000_d5_r0,1000,2500,500,698,676,704,500,698,698,703,500,500,500,500,500,500,1.000000,0,True,c4+c8+c9+c10+c11+c12,False,603,903,False,599,0.371
"hidden perfect matching + random edges",hidden_matching_n1000_e1.5_r0,1000,1254,500,572,521,543,506,572,555,572,506,500,500,500,500,500,1.000000,0,True,c9+c10+c11+c12,False,543,178,False,122,0.220
"hidden perfect matching + random edges",hidden_matching_n1000_e4.0_r0,1000,2494,500,675,500,644,500,675,614,675,500,500,500,500,500,500,1.000000,0,True,c2+c4+c8+c9+c10+c11+c12,False,584,916,False,503,0.374
"random tree",tree_n1000_r0,1000,999,433,460,445,442,433,460,446,462,433,433,433,433,433,433,1.000000,0,True,c4+c8+c9+c10+c11+c12,True,493,0,True,0,0.155
"2D grid, 70% edges kept",thinned_grid_31x31_r0,961,1292,467,528,492,512,481,528,517,529,481,468,468,467,467,467,1.000000,0,True,c11+c12,False,528,120,False,61,0.295
"random bipartite (balanced)",gnp_bip_bal_n1000_d3_r1,1000,1547,465,520,501,500,465,520,504,524,465,465,465,465,465,465,1.000000,0,True,c4+c8+c9+c10+c11+c12,False,530,380,False,227,0.277
"random bipartite (1:2)",gnp_bip_unbal_n1000_d3_r1,1000,1468,329,352,329,384,329,352,343,351,329,329,329,329,329,329,1.000000,0,True,c2+c4+c8+c9+c10+c11+c12,False,365,350,False,183,0.250
"random bipartite (balanced)",gnp_bip_bal_n1000_d6_r1,1000,2952,497,673,617,626,597,673,634,666,585,497,497,497,497,497,1.000000,0,True,c9+c10+c11+c12,False,626,1167,False,506,0.465
"random bipartite (1:2)",gnp_bip_unbal_n1000_d6_r1,1000,3031,333,338,333,380,333,338,349,346,333,333,333,333,333,333,1.000000,0,True,c2+c4+c8+c9+c10+c11+c12,False,346,1211,False,347,0.460
"random bipartite (balanced)",gnp_bip_bal_n1000_d20_r1,1000,10140,500,818,500,837,526,818,794,771,500,500,500,500,500,500,1.000000,0,True,c2+c8+c9+c10+c11+c12,False,653,5247,False,992,1.483
"random bipartite (1:2)",gnp_bip_unbal_n1000_d20_r1,1000,9926,333,333,333,333,333,333,333,333,333,333,333,333,333,333,1.000000,0,True,c1+c2+c3+c4+c5+c6+c7+c8+c9+c10+c11+c12,False,354,5122,False,924,1.231
"random d-regular bipartite",reg_bip_n1000_d3_r1,1000,1497,500,617,500,500,500,617,500,617,500,500,500,500,500,500,1.000000,0,True,c2+c3+c4+c6+c8+c9+c10+c11+c12,False,585,323,False,329,0.239
"random d-regular bipartite",reg_bip_n1000_d4_r1,1000,1995,500,665,500,500,500,665,500,665,500,500,500,500,500,500,1.000000,0,True,c2+c3+c4+c6+c8+c9+c10+c11+c12,False,612,616,False,494,0.294
"random d-regular bipartite",reg_bip_n1000_d8_r1,1000,3976,500,756,500,500,500,756,500,756,500,500,500,500,500,500,1.000000,0,True,c2+c3+c4+c6+c8+c9+c10+c11+c12,False,578,1765,False,500,0.560
"power-law bipartite",powerlaw_bip_n1000_r1,1000,1333,370,374,376,384,370,374,373,380,370,370,370,370,370,370,1.000000,0,True,c4+c8+c9+c10+c11+c12,False,391,234,False,33,0.232
"double cover G x K2 of random regular",double_cover_n1000_d3_r1,1000,1500,500,627,612,628,500,627,631,627,500,500,500,500,500,500,1.000000,0,True,c4+c8+c9+c10+c11+c12,False,591,331,False,330,0.241
"double cover G x K2 of random regular",double_cover_n1000_d5_r1,1000,2500,500,699,675,706,500,699,702,699,500,500,500,500,500,500,1.000000,0,True,c4+c8+c9+c10+c11+c12,False,620,908,False,605,0.387
"hidden perfect matching + random edges",hidden_matching_n1000_e1.5_r1,1000,1262,500,567,529,524,507,567,547,567,507,500,500,500,500,500,1.000000,0,True,c9+c10+c11+c12,False,547,186,False,127,0.231
"hidden perfect matching + random edges",hidden_matching_n1000_e4.0_r1,1000,2497,500,675,500,634,500,675,621,675,500,500,500,500,500,500,1.000000,0,True,c2+c4+c8+c9+c10+c11+c12,False,592,918,False,494,0.380
"random tree",tree_n1000_r1,1000,999,440,468,453,453,440,468,452,475,440,440,440,440,440,440,1.000000,0,True,c4+c8+c9+c10+c11+c12,True,496,0,True,0,0.161
"2D grid, 70% edges kept",thinned_grid_31x31_r1,961,1337,470,542,513,518,484,542,519,548,484,471,471,470,470,470,1.000000,0,True,c11+c12,False,532,159,False,67,0.286
"random bipartite (balanced)",gnp_bip_bal_n1000_d3_r2,1000,1509,465,511,497,491,465,511,505,510,465,465,465,465,465,465,1.000000,0,True,c4+c8+c9+c10+c11+c12,False,512,358,False,208,0.252
"random bipartite (1:2)",gnp_bip_unbal_n1000_d3_r2,1000,1579,328,356,328,376,328,356,344,353,328,328,328,328,328,328,1.000000,0,True,c2+c4+c8+c9+c10+c11+c12,False,383,415,False,204,0.278
"random bipartite (balanced)",gnp_bip_bal_n1000_d6_r2,1000,3057,499,648,595,631,605,648,634,651,585,499,499,499,499,499,1.000000,0,True,c9+c10+c11+c12,False,592,1228,False,516,0.495
"random bipartite (1:2)",gnp_bip_unbal_n1000_d6_r2,1000,3078,333,341,333,359,335,341,339,348,335,333,333,333,333,333,1.000000,0,True,c2+c9+c10+c11+c12,False,364,1227,False,344,0.474
"random bipartite (balanced)",gnp_bip_bal_n1000_d20_r2,1000,9912,500,841,500,809,562,841,811,838,511,500,500,500,500,500,1.000000,0,True,c2+c9+c10+c11+c12,False,815,5107,False,984,1.501
"random bipartite (1:2)",gnp_bip_unbal_n1000_d20_r2,1000,10005,333,333,333,333,333,333,333,333,333,333,333,333,333,333,1.000000,0,True,c1+c2+c3+c4+c5+c6+c7+c8+c9+c10+c11+c12,False,358,5161,False,927,1.307
"random d-regular bipartite",reg_bip_n1000_d3_r2,1000,1498,500,623,500,500,500,623,500,623,500,500,500,500,500,500,1.000000,0,True,c2+c3+c4+c6+c8+c9+c10+c11+c12,False,589,324,False,332,0.203
"random d-regular bipartite",reg_bip_n1000_d4_r2,1000,1998,500,656,500,500,500,656,500,656,500,500,500,500,500,500,1.000000,0,True,c2+c3+c4+c6+c8+c9+c10+c11+c12,False,581,623,False,496,0.306
"random d-regular bipartite",reg_bip_n1000_d8_r2,1000,3965,500,762,500,500,500,762,500,762,500,500,500,500,500,500,1.000000,0,True,c2+c3+c4+c6+c8+c9+c10+c11+c12,False,603,1754,False,500,0.562
"power-law bipartite",powerlaw_bip_n1000_r2,1000,1195,369,374,372,370,369,374,370,374,369,369,369,369,369,369,1.000000,0,True,c4+c8+c9+c10+c11+c12,False,382,174,False,49,0.217
"double cover G x K2 of random regular",double_cover_n1000_d3_r2,1000,1500,500,625,604,628,500,625,622,624,500,500,500,500,500,500,1.000000,0,True,c4+c8+c9+c10+c11+c12,False,595,324,False,326,0.248
"double cover G x K2 of random regular",double_cover_n1000_d5_r2,1000,2500,500,701,668,694,500,701,712,686,500,500,500,500,500,500,1.000000,0,True,c4+c8+c9+c10+c11+c12,False,647,907,False,600,0.397
"hidden perfect matching + random edges",hidden_matching_n1000_e1.5_r2,1000,1257,500,570,520,532,509,570,544,570,509,501,501,500,500,500,1.000000,0,True,c11+c12,False,550,179,False,121,0.227
"hidden perfect matching + random edges",hidden_matching_n1000_e4.0_r2,1000,2494,500,662,500,610,500,662,594,662,500,500,500,500,500,500,1.000000,0,True,c2+c4+c8+c9+c10+c11+c12,False,607,906,False,496,0.389
"random tree",tree_n1000_r2,1000,999,431,451,448,442,431,451,445,454,431,431,431,431,431,431,1.000000,0,True,c4+c8+c9+c10+c11+c12,True,497,0,True,0,0.154
"2D grid, 70% edges kept",thinned_grid_31x31_r2,961,1276,464,529,492,512,478,529,518,528,478,466,466,466,466,466,1.004310,2,False,,False,523,118,False,47,0.290
"2D grid",grid_31x31,961,1860,480,603,481,480,480,603,604,603,480,480,480,480,480,480,1.000000,0,True,c3+c4+c8+c9+c10+c11+c12,False,562,476,False,334,0.324
"3D grid",grid3d_10^3,1000,2700,500,672,500,620,580,672,671,672,580,500,500,500,500,500,1.000000,0,True,c2+c9+c10+c11+c12,False,633,1012,False,509,0.419
"even cycle",even_cycle_1000,1000,1000,500,575,500,500,500,575,575,575,500,500,500,500,500,500,1.000000,0,True,c2+c3+c4+c8+c9+c10+c11+c12,True,666,0,True,0,0.190
"complete bipartite",K_250_750,1000,187500,250,250,250,250,250,250,250,250,250,250,250,250,250,250,1.000000,0,True,c1+c2+c3+c4+c5+c6+c7+c8+c9+c10+c11+c12,False,250,93528,False,1000,26.297
"crown graph",crown_500,1000,249500,500,500,500,500,500,500,500,500,500,500,500,500,500,500,1.000000,0,True,c1+c2+c3+c4+c5+c6+c7+c8+c9+c10+c11+c12,False,500,136697,False,1000,34.947
"random bipartite (balanced)",gnp_bip_bal_n10000_d3_r0,10000,14967,4635,5084,4886,4881,4635,5084,4885,5090,4635,4635,4635,4635,4635,4635,1.000000,0,True,c4+c8+c9+c10+c11+c12,False,5052,3553,False,2057,3.065
"random bipartite (1:2)",gnp_bip_unbal_n10000_d3_r0,10000,15071,3293,3583,3302,3790,3293,3583,3474,3581,3293,3293,3293,3293,3293,3293,1.000000,0,True,c4+c8+c9+c10+c11+c12,False,3688,3760,False,1940,2.986
"random bipartite (balanced)",gnp_bip_bal_n10000_d6_r0,10000,29885,4979,6587,6023,6263,5827,6587,6293,6575,5827,4979,4979,4979,4979,4979,1.000000,0,True,c9+c10+c11+c12,False,6000,11953,False,5114,5.454
"random bipartite (1:2)",gnp_bip_unbal_n10000_d6_r0,10000,30228,3333,3389,3333,3647,3333,3389,3475,3415,3333,3333,3333,3333,3333,3333,1.000000,0,True,c2+c4+c8+c9+c10+c11+c12,False,3773,12173,False,3495,5.732
"random bipartite (balanced)",gnp_bip_bal_n10000_d20_r0,10000,100646,5000,8491,5000,8161,5361,8491,8071,8480,5050,5000,5000,5000,5000,5000,1.000000,0,True,c2+c9+c10+c11+c12,False,6238,51917,False,9898,21.824
"random bipartite (1:2)",gnp_bip_unbal_n10000_d20_r0,10000,100309,3333,3333,3333,3333,3333,3333,3333,3333,3333,3333,3333,3333,3333,3333,1.000000,0,True,c1+c2+c3+c4+c5+c6+c7+c8+c9+c10+c11+c12,False,4025,51734,False,9219,14.525
"random d-regular bipartite",reg_bip_n10000_d3_r0,10000,14998,5000,6270,5000,5000,5000,6270,5000,6270,5000,5000,5000,5000,5000,5000,1.000000,0,True,c2+c3+c4+c6+c8+c9+c10+c11+c12,False,5865,3294,False,3346,2.736
"random d-regular bipartite",reg_bip_n10000_d4_r0,10000,19994,5000,6681,5000,5000,5000,6681,5000,6681,5000,5000,5000,5000,5000,5000,1.000000,0,True,c2+c3+c4+c6+c8+c9+c10+c11+c12,False,5948,6273,False,4992,3.378
"random d-regular bipartite",reg_bip_n10000_d8_r0,10000,39970,5000,7618,5000,5005,5000,7618,5000,7618,5000,5000,5000,5000,5000,5000,1.000000,0,True,c2+c4+c6+c8+c9+c10+c11+c12,False,7070,17725,False,5000,6.842
"power-law bipartite",powerlaw_bip_n10000_r0,10000,12300,3442,3505,3470,3475,3442,3505,3474,3521,3442,3442,3442,3442,3442,3442,1.000000,0,True,c4+c8+c9+c10+c11+c12,False,3607,1998,False,457,2.605
"double cover G x K2 of random regular",double_cover_n10000_d3_r0,10000,15000,5000,6309,6054,6268,5000,6309,6316,6254,5000,5000,5000,5000,5000,5000,1.000000,0,True,c4+c8+c9+c10+c11+c12,False,5865,3267,False,3316,2.961
"double cover G x K2 of random regular",double_cover_n10000_d5_r0,10000,25000,5000,7004,6742,6996,5000,7004,7017,7002,5000,5000,5000,5000,5000,5000,1.000000,0,True,c4+c8+c9+c10+c11+c12,False,6208,9140,False,5972,4.439
"hidden perfect matching + random edges",hidden_matching_n10000_e1.5_r0,10000,12469,5000,5715,5201,5318,5052,5715,5442,5715,5052,5000,5000,5000,5000,5000,1.000000,0,True,c9+c10+c11+c12,False,5411,1762,False,1176,2.588
"hidden perfect matching + random edges",hidden_matching_n10000_e4.0_r0,10000,24997,5000,6767,5011,6257,5000,6767,6099,6767,5000,5000,5000,5000,5000,5000,1.000000,0,True,c4+c8+c9+c10+c11+c12,False,6155,9116,False,4957,4.539
"random tree",tree_n10000_r0,10000,9999,4340,4565,4506,4461,4340,4565,4456,4607,4340,4340,4340,4340,4340,4340,1.000000,0,True,c4+c8+c9+c10+c11+c12,True,4965,0,True,0,1.982
"2D grid, 70% edges kept",thinned_grid_100x100_r0,10000,13940,4916,5581,5286,5440,5070,5581,5450,5584,5070,4946,4946,4942,4942,4942,1.005289,26,False,,False,5559,1646,False,835,3.319
"2D grid",grid_100x100,10000,19800,5000,6308,5000,5098,5098,6308,6308,6308,5098,5000,5000,5000,5000,5000,1.000000,0,True,c2+c9+c10+c11+c12,False,5969,5531,False,3710,3.512
"3D grid",grid3d_22^3,10648,30492,5324,7244,5324,5984,5764,7244,7242,7244,5764,5324,5324,5324,5324,5324,1.000000,0,True,c2+c9+c10+c11+c12,False,6750,11713,False,5360,5.129
"even cycle",even_cycle_10000,10000,10000,5000,5688,5000,5000,5000,5688,5688,5688,5000,5000,5000,5000,5000,5000,1.000000,0,True,c2+c3+c4+c8+c9+c10+c11+c12,True,6666,0,True,0,2.218
"random bipartite (balanced)",gnp_bip_bal_n50000_d3_r0,50000,75062,23214,25462,24365,24370,23214,25462,24443,25495,23214,23214,23214,23214,23214,23214,1.000000,0,True,c4+c8+c9+c10+c11+c12,False,25337,17905,False,10302,18.196
"random bipartite (1:2)",gnp_bip_unbal_n50000_d3_r0,50000,74979,16466,17704,16495,18897,16466,17704,17372,17874,16466,16466,16466,16466,16466,16466,1.000000,0,True,c4+c8+c9+c10+c11+c12,False,18419,18629,False,9618,18.021
"random bipartite (balanced)",gnp_bip_bal_n50000_d6_r0,50000,150054,24919,33039,29903,31379,29281,33039,31332,33039,29278,24940,24940,24940,24940,24940,1.000843,21,False,,False,31528,59996,False,25546,36.928
"random bipartite (1:2)",gnp_bip_unbal_n50000_d6_r0,50000,149948,16665,16963,16665,18499,16665,16963,17388,17209,16665,16665,16665,16665,16665,16665,1.000000,0,True,c2+c4+c8+c9+c10+c11+c12,False,17687,60135,False,17403,42.420
"random bipartite (balanced)",gnp_bip_bal_n50000_d20_r0,50000,499680,25000,42158,25000,40585,27644,42158,40592,42324,25395,25000,25000,25000,25000,25000,1.000000,0,True,c2+c9+c10+c11+c12,False,26269,257653,False,49464,101.160
"random bipartite (1:2)",gnp_bip_unbal_n50000_d20_r0,50000,500106,16666,16666,16666,16676,16666,16666,16676,16666,16666,16666,16666,16666,16666,16666,1.000000,0,True,c1+c2+c4+c5+c7+c8+c9+c10+c11+c12,False,17241,257878,False,46095,84.973
"random d-regular bipartite",reg_bip_n50000_d3_r0,50000,74994,25000,31274,25000,25000,25000,31274,25000,31274,25000,25000,25000,25000,25000,25000,1.000000,0,True,c2+c3+c4+c6+c8+c9+c10+c11+c12,False,29431,16469,False,16708,16.404
"random d-regular bipartite",reg_bip_n50000_d4_r0,50000,99996,25000,33327,25000,25000,25000,33327,25000,33327,25000,25000,25000,25000,25000,25000,1.000000,0,True,c2+c3+c4+c6+c8+c9+c10+c11+c12,False,30028,31457,False,24996,20.130
"random d-regular bipartite",reg_bip_n50000_d8_r0,50000,199976,25000,38031,25000,25000,25000,38031,25000,38031,25000,25000,25000,25000,25000,25000,1.000000,0,True,c2+c3+c4+c6+c8+c9+c10+c11+c12,False,30181,88681,False,25000,39.001
"power-law bipartite",powerlaw_bip_n50000_r0,50000,66154,16116,16301,16215,16226,16116,16301,16223,16356,16116,16116,16116,16116,16116,16116,1.000000,0,True,c4+c8+c9+c10+c11+c12,False,16828,12450,False,2135,16.288
"double cover G x K2 of random regular",double_cover_n50000_d3_r0,50000,75000,25000,31441,30284,31258,25000,31441,31416,31306,25000,25000,25000,25000,25000,25000,1.000000,0,True,c4+c8+c9+c10+c11+c12,False,29533,16385,False,16621,17.408
"double cover G x K2 of random regular",double_cover_n50000_d5_r0,50000,125000,25000,34981,33727,34970,25000,34981,34994,34925,25000,25000,25000,25000,25000,25000,1.000000,0,True,c4+c8+c9+c10+c11+c12,False,31021,45617,False,29995,27.795
"hidden perfect matching + random edges",hidden_matching_n50000_e1.5_r0,50000,62473,25000,28373,26141,26510,25251,28373,27178,28373,25251,25004,25004,25004,25004,25004,1.000160,4,False,,False,27122,8730,False,6046,16.005
"hidden perfect matching + random edges",hidden_matching_n50000_e4.0_r0,50000,124993,25000,33779,25038,31387,25000,33779,30434,33779,25000,25000,25000,25000,25000,25000,1.000000,0,True,c4+c8+c9+c10+c11+c12,False,31367,45568,False,24964,27.081
"random tree",tree_n50000_r0,50000,49999,21665,22730,22424,22220,21665,22730,22243,22875,21665,21665,21665,21665,21665,21665,1.000000,0,True,c4+c8+c9+c10+c11+c12,True,24856,0,True,0,12.225
"2D grid, 70% edges kept",thinned_grid_223x223_r0,49729,69404,24425,27885,26261,26947,25254,27885,27258,27940,25254,24603,24603,24586,24585,24585,1.006551,160,False,,False,27648,8259,False,4391,18.664
"2D grid",grid_223x223,49729,99012,24864,31604,24865,24864,24864,31604,31603,31604,24864,24864,24864,24864,24864,24864,1.000000,0,True,c3+c4+c8+c9+c10+c11+c12,False,29408,28052,False,18575,19.563
"3D grid",grid3d_37^3,50653,147852,25326,34919,25326,25326,25326,34919,34914,34919,25326,25326,25326,25326,25326,25326,1.000000,0,True,c2+c3+c4+c8+c9+c10+c11+c12,False,32290,57510,False,25218,26.529
"even cycle",even_cycle_50000,50000,50000,25000,28445,25000,25000,25000,28445,28445,28445,25000,25000,25000,25000,25000,25000,1.000000,0,True,c2+c3+c4+c8+c9+c10+c11+c12,True,33333,0,True,0,12.449
"hypercube",hypercube_Q8,256,1024,128,192,128,128,128,192,193,192,128,128,128,128,128,128,1.000000,0,True,c2+c3+c4+c8+c9+c10+c11+c12,False,194,456,False,128,0.126
"hypercube, 50% edges kept",hypercube_Q8_half,256,518,128,153,155,152,143,153,154,157,143,128,128,128,128,128,1.000000,0,True,c9+c10+c11+c12,False,155,160,False,92,0.083
"hypercube",hypercube_Q10,1024,5120,512,778,512,512,512,778,778,778,512,512,512,512,512,512,1.000000,0,True,c2+c3+c4+c8+c9+c10+c11+c12,False,764,2374,False,512,0.743
"hypercube, 50% edges kept",hypercube_Q10_half,1024,2501,511,663,616,637,561,663,638,667,561,511,511,511,511,511,1.000000,0,True,c9+c10+c11+c12,False,646,885,False,473,0.410
"hypercube",hypercube_Q12,4096,24576,2048,3246,2048,2048,2048,3246,3244,3246,2048,2048,2048,2048,2048,2048,1.000000,0,True,c2+c3+c4+c8+c9+c10+c11+c12,False,3178,11898,False,4096,3.826
"hypercube, 50% edges kept",hypercube_Q12_half,4096,12375,2047,2792,2600,2704,2232,2792,2715,2803,2232,2048,2048,2048,2048,2048,1.000489,1,False,,False,2660,4969,False,2296,2.230
"hypercube",hypercube_Q14,16384,114688,8192,13232,8192,8192,8192,13232,13232,13232,8192,8192,8192,8192,8192,8192,1.000000,0,True,c2+c3+c4+c8+c9+c10+c11+c12,False,12910,56820,False,16384,18.983
"hypercube, 50% edges kept",hypercube_Q14_half,16384,57477,8191,11617,10728,11265,9171,11617,11301,11655,9171,8192,8192,8192,8192,8192,1.000122,1,False,,False,10567,24411,False,10302,11.134
