group,instances,matches_or_beats_planted,max_ratio_vs_planted,mean_ratio_vs_planted,tau_known,optimal,max_ratio_vs_tau,max_ratio_upper_bound,attains_c1,attains_c2,attains_c3,attains_c4,attains_c5,attains_c6,attains_c7,attains_c8,attains_c9,attains_c10,attains_c11,attains_c12,seconds
"KR bias p=0.35",12,12,1.000000,0.939526,1,0,1.007895,1.225000,0,0,0,0,0,0,0,0,8,8,8,12,34.37
"KR bias p=0.49",12,12,0.993846,0.961559,6,4,1.012539,1.012539,0,0,0,0,0,0,0,0,11,11,11,12,19.43
"KR constraint degree d=8",12,10,1.017956,1.002271,5,4,1.017956,1.120313,0,0,0,4,0,0,0,4,12,12,12,12,34.14
"KR label size k=3",12,3,1.040616,1.017587,3,2,1.028736,1.160156,0,0,1,0,0,1,0,0,11,11,11,12,28.35
"KR label size k=6",12,12,0.933599,0.903329,6,4,1.003135,1.019818,0,0,0,0,0,0,0,0,12,12,12,12,15.91
"KR linear UG Max-2-Lin(Z_k)",12,8,1.005304,0.990245,3,0,1.015291,1.113281,0,0,0,0,0,0,0,0,11,11,11,12,25.23
"KR noise eta=0.02",12,10,1.025788,0.975953,4,3,1.025788,1.120313,0,0,0,0,0,0,0,0,11,11,11,12,25.09
"KR noise eta=0.1",12,12,0.988827,0.938837,2,2,1.000000,1.105551,0,0,0,0,0,0,0,0,11,11,11,12,24.35
"KR permutation UG (k=4, p=0.45, eta=0)",12,9,1.029586,0.989736,3,1,1.029586,1.101172,0,0,0,0,0,0,0,0,12,12,12,12,24.91
"KR samples per block s=32",9,2,1.056277,1.025992,2,1,1.056277,1.155469,0,0,0,0,0,0,0,0,8,8,8,9,34.51
"ALL",117,90,1.056277,0.973183,35,21,1.056277,1.225000,0,0,1,4,0,1,0,4,107,107,107,117,266.29
