family,name,size_N,n,m,deg_min,deg_max,deg_mean,deg_cv,bipartite,components,final,tau,lower_bound,lp,nu,ke_gap,planted_cover,ratio,ratio_upper_bound,excess,greedy_excess,ls_repair,best_certificate,best_certified_ratio,in_residue,kernel_fraction,nt_V1,nt_V0,V1_in_cover,V0_outside_cover,persistency_respected,degree_auc,auc_reference,has_12_swap,elapsed_seconds,c1,c2,c3,c4,c5,c6,c7,c8,c9,c10,c11,c12
"kr_sampled (k=4, p=0.45, s=16)","kr_sampled_N10_r0",10,160,2432,8,64,30.4,0.5285622288608914,False,1,91,91,91,80.0,80,1.1375,,1.0,1.0,0,2,2,"C2_caro_wei",1.6813186813186813,False,1.0,0,0,,,True,0.9280140149705367,"optimum",False,0.11425270000472665,98,93,102,97,98,102,108,97,91,91,91,91
"kr_sampled (k=6, p=0.45, s=16)","kr_sampled_k6_N10_r0",10,159,1273,1,64,16.0125786163522,0.7786262392330612,False,1,78,78,78,76.5,76,1.0263157894736843,,1.0,1.0,0,0,0,"C2_caro_wei",1.8205128205128205,False,0.8616352201257862,8,14,1.0,1.0,True,0.9027382082937638,"optimum",False,0.039058100010151975,85,78,81,80,85,80,82,80,78,78,78,78
"kr_fixedweight (k=4, |x|=2, s=16)","kr_fixed_k4t2_N10_r0",10,160,832,6,18,10.4,0.28689478361222487,True,1,70,70,70,70.0,70,1.0,,1.0,1.0,0,0,0,"C1_matching",2.0,True,0.0,70,90,1.0,1.0,True,0.7501587301587301,"optimum",False,0.13116440000885632,84,80,83,70,84,77,88,70,70,70,70,70
"kr_fixedweight (k=6, |x|=3, s=16)","kr_fixed_k6t3_N10_r0",10,154,267,1,10,3.4675324675324677,0.5018447082607358,True,1,67,67,67,67.0,67,1.0,,1.0,1.0,0,3,3,"C2_caro_wei",1.7014925373134329,False,0.12987012987012986,57,77,1.0,1.0,True,0.7472979927946475,"optimum",False,0.053917999990517274,74,70,73,70,74,70,73,70,67,67,67,67
"kr_fixedweight (k=5, |x|=2, s=16)","kr_fixed_k5t2_N10_r0",10,160,1539,9,28,19.2375,0.15782787365411047,False,1,95,95,95,80.0,80,1.1875,,1.0,1.0,0,0,0,"C2_caro_wei",1.5894736842105264,False,1.0,0,0,,,True,0.557165991902834,"optimum",False,0.05410649999976158,96,96,107,95,96,117,96,95,95,95,95,95
"planted_regular (alpha=0.45, d=6)","planted_reg_a045_d6_n160_r0",10,160,496,4,12,6.2,0.15173296550182885,False,1,86,86,86,80.0,80,1.075,,1.0,1.0,0,0,0,"C2_caro_wei",1.5930232558139534,False,1.0,0,0,,,True,0.5581395348837209,"optimum",False,0.025025700000696816,105,89,92,100,105,106,86,89,86,86,86,86
"planted_regular (alpha=0.48, d=10)","planted_reg_a048_d10_n160_r0",10,160,823,8,15,10.2875,0.09117860187001024,False,1,84,84,84,80.0,80,1.05,,1.0,1.0,0,0,0,"C2_caro_wei",1.7261904761904763,False,1.0,0,0,,,True,0.625,"optimum",False,0.03322090000438038,109,84,97,102,109,101,84,84,84,84,84,84
"random_regular (d=3)","random_reg_d3_n160_r0",10,160,240,3,3,3.0,0.0,False,1,89,89,89,80.0,80,1.1125,,1.0,1.0,0,1,1,"C2_caro_wei",1.348314606741573,False,1.0,0,0,,,True,0.5,"optimum",False,0.01449519999732729,98,96,102,90,98,103,102,90,89,89,89,89
"random_regular (d=6)","random_reg_d6_n160_r0",10,160,480,6,6,6.0,0.0,False,1,105,,101,80.0,80,,,,1.0396039603960396,,,0,"C2_caro_wei",1.3564356435643565,False,1.0,0,0,,,True,0.5,"returned",False,0.02252260000386741,116,114,118,108,116,117,118,105,105,105,105,105
"thinned_grid (70% edges)","thinned_grid_12_r0",10,142,188,1,4,2.647887323943662,0.3329889196997774,True,3,69,69,69,69.0,69,1.0,,1.0,1.0,0,3,3,"C2_caro_wei",1.4492753623188406,False,0.11267605633802817,61,65,1.0,1.0,True,0.6076037323803851,"optimum",False,0.05966670000634622,74,74,76,72,74,78,73,72,69,69,69,69
"kr_sampled (k=4, p=0.45, s=16)","kr_sampled_N10_r1",10,160,1788,2,64,22.35,0.6466872390791815,False,1,79,79,79,79.0,79,1.0,,1.0,1.0,0,0,0,"C2_caro_wei",1.8860759493670887,False,0.9375,4,6,1.0,1.0,True,0.766213470854821,"optimum",False,0.04907660000026226,87,86,85,79,87,85,90,79,79,79,79,79
"kr_sampled (k=6, p=0.45, s=16)","kr_sampled_k6_N10_r1",10,160,1464,2,64,18.3,0.7018401905137628,False,1,86,86,86,80.0,80,1.075,,1.0,1.0,0,2,2,"C2_caro_wei",1.7093023255813953,False,1.0,0,0,,,True,0.8421590194846009,"optimum",False,0.04439660000207368,92,88,93,88,92,93,90,88,86,86,86,86
"kr_fixedweight (k=4, |x|=2, s=16)","kr_fixed_k4t2_N10_r1",10,160,893,5,17,11.1625,0.25748818351533687,True,1,72,72,72,72.0,72,1.0,,1.0,1.0,0,0,0,"C1_matching",2.0,True,0.0,72,88,1.0,1.0,True,0.7141729797979798,"optimum",False,0.13885570000275038,78,75,86,72,78,83,79,72,72,72,72,72
"kr_fixedweight (k=6, |x|=3, s=16)","kr_fixed_k6t3_N10_r1",10,154,260,1,7,3.3766233766233764,0.45037788210167534,True,2,66,66,66,66.0,66,1.0,,1.0,1.0,0,1,1,"C2_caro_wei",1.7121212121212122,False,0.15584415584415584,54,76,1.0,1.0,True,0.7877066115702479,"optimum",False,0.06155669999134261,71,67,73,67,71,70,75,67,66,66,66,66
"kr_fixedweight (k=5, |x|=2, s=16)","kr_fixed_k5t2_N10_r1",10,160,1494,13,25,18.675,0.15663794738471823,False,1,96,96,96,80.0,80,1.2,,1.0,1.0,0,0,0,"C2_caro_wei",1.5729166666666667,False,1.0,0,0,,,True,0.452392578125,"optimum",False,0.04298100000596605,112,96,110,96,112,109,96,96,96,96,96,96
"planted_regular (alpha=0.45, d=6)","planted_reg_a045_d6_n160_r1",10,160,496,4,15,6.2,0.14738441034271826,False,1,88,88,88,80.0,80,1.1,,1.0,1.0,0,0,0,"C2_caro_wei",1.5568181818181819,False,1.0,0,0,,,True,0.5852272727272727,"optimum",False,0.024399999994784594,106,102,90,100,106,107,88,88,88,88,88,88
"planted_regular (alpha=0.48, d=10)","planted_reg_a048_d10_n160_r1",10,160,827,8,15,10.3375,0.10423609213864726,False,1,84,84,84,80.0,80,1.05,,1.0,1.0,0,0,0,"C2_caro_wei",1.7261904761904763,False,1.0,0,0,,,True,0.6292293233082706,"optimum",False,0.03425139999308158,106,84,103,100,106,102,84,84,84,84,84,84
"random_regular (d=3)","random_reg_d3_n160_r1",10,160,240,3,3,3.0,0.0,False,1,90,89,89,80.0,80,1.1125,,1.0112359550561798,1.0112359550561798,1,3,2,"C2_caro_wei",1.348314606741573,False,1.0,0,0,,,True,0.5,"optimum",False,0.01475100000970997,99,99,100,92,99,99,100,93,90,90,90,90
"random_regular (d=6)","random_reg_d6_n160_r1",10,160,480,6,6,6.0,0.0,False,1,106,105,105,80.0,80,1.3125,,1.0095238095238095,1.0095238095238095,1,1,0,"C2_caro_wei",1.3047619047619048,False,1.0,0,0,,,True,0.5,"optimum",False,0.022028399995178916,114,113,117,108,114,119,117,106,106,106,106,106
"thinned_grid (70% edges)","thinned_grid_12_r1",10,142,177,1,4,2.492957746478873,0.3679697059420064,True,2,69,69,69,69.0,69,1.0,,1.0,1.0,0,2,2,"C2_caro_wei",1.4057971014492754,False,0.39436619718309857,41,45,1.0,1.0,True,0.6912844947389318,"optimum",False,0.07302070000150707,73,75,76,71,73,75,75,71,69,69,69,69
"kr_sampled (k=4, p=0.45, s=16)","kr_sampled_N10_r2",10,160,2247,7,64,28.0875,0.5747075564845961,False,1,87,87,87,80.0,80,1.0875,,1.0,1.0,0,0,0,"C2_caro_wei",1.7471264367816093,False,1.0,0,0,,,True,0.9034010392064242,"optimum",False,0.07294189999811351,101,87,99,93,101,97,103,93,87,87,87,87
"kr_sampled (k=6, p=0.45, s=16)","kr_sampled_k6_N10_r2",10,160,1281,1,64,16.0125,0.7819501108537188,False,1,76,76,76,76.0,76,1.0,,1.0,1.0,0,1,1,"C2_caro_wei",1.894736842105263,False,0.5125,35,43,1.0,1.0,True,0.9508145363408521,"optimum",False,0.040915399993536994,87,77,80,78,87,81,87,78,76,76,76,76
"kr_fixedweight (k=4, |x|=2, s=16)","kr_fixed_k4t2_N10_r2",10,160,809,4,18,10.1125,0.28208682106140337,True,1,74,74,74,74.0,74,1.0,,1.0,1.0,0,4,4,"C2_caro_wei",1.945945945945946,False,0.0,74,86,1.0,1.0,True,0.8005971087366436,"optimum",False,0.10496909999346826,85,78,78,78,85,82,81,78,74,74,74,74
"kr_fixedweight (k=6, |x|=3, s=16)","kr_fixed_k6t3_N10_r2",10,150,238,1,9,3.1733333333333333,0.48920267488497093,True,3,64,64,64,64.0,64,1.0,,1.0,1.0,0,1,1,"C2_caro_wei",1.6875,False,0.29333333333333333,42,64,1.0,1.0,True,0.7648074127906976,"optimum",False,0.06222550000529736,67,65,69,65,67,68,68,65,64,64,64,64
"kr_fixedweight (k=5, |x|=2, s=16)","kr_fixed_k5t2_N10_r2",10,160,1539,10,27,19.2375,0.1963549950424562,False,1,90,90,90,80.0,80,1.125,,1.0,1.0,0,0,0,"C2_caro_wei",1.6777777777777778,False,1.0,0,0,,,True,0.6488888888888888,"optimum",False,0.049953800000366755,103,90,106,90,103,110,102,90,90,90,90,90
"planted_regular (alpha=0.45, d=6)","planted_reg_a045_d6_n160_r2",10,160,493,4,10,6.1625,0.10868501683260702,False,1,87,87,87,80.0,80,1.0875,,1.0,1.0,0,0,0,"C2_caro_wei",1.5747126436781609,False,1.0,0,0,,,True,0.591481656432058,"optimum",False,0.022517699995660223,100,88,91,95,100,109,87,87,87,87,87,87
"planted_regular (alpha=0.48, d=10)","planted_reg_a048_d10_n160_r2",10,160,830,7,18,10.375,0.138318290492204,False,1,84,84,84,80.0,80,1.05,,1.0,1.0,0,0,0,"C2_caro_wei",1.7261904761904763,False,1.0,0,0,,,True,0.5833333333333333,"optimum",False,0.03237499999522697,103,84,99,99,103,100,84,84,84,84,84,84
"random_regular (d=3)","random_reg_d3_n160_r2",10,160,240,3,3,3.0,0.0,False,1,89,89,89,80.0,80,1.1125,,1.0,1.0,0,4,4,"C2_caro_wei",1.348314606741573,False,1.0,0,0,,,True,0.5,"optimum",False,0.01553079999575857,99,93,99,93,99,99,99,93,89,89,89,89
"random_regular (d=6)","random_reg_d6_n160_r2",10,160,480,6,6,6.0,0.0,False,1,105,,101,80.0,80,,,,1.0396039603960396,,,2,"C2_caro_wei",1.3564356435643565,False,1.0,0,0,,,True,0.5,"returned",False,0.023910799995064735,115,112,118,108,115,117,118,107,105,105,105,105
"thinned_grid (70% edges)","thinned_grid_12_r2",10,140,192,1,4,2.742857142857143,0.3030695109578366,True,1,70,70,70,70.0,70,1.0,,1.0,1.0,0,3,3,"C2_caro_wei",1.4285714285714286,False,1.0,0,0,,,True,0.6490816326530613,"optimum",False,0.06266840000171214,73,75,76,73,73,79,73,73,70,70,70,70
"kr_sampled (k=4, p=0.45, s=16)","kr_sampled_N20_r0",20,320,4273,2,64,26.70625,0.5965763279772056,False,1,178,171,171,160.0,160,1.06875,,1.04093567251462,1.04093567251462,7,7,0,"C2_caro_wei",1.7777777777777777,False,1.0,0,0,,,True,0.7875701558145924,"optimum",False,0.17511589999776334,194,178,189,194,194,189,205,187,178,178,178,178
"kr_sampled (k=6, p=0.45, s=16)","kr_sampled_k6_N20_r0",20,318,2599,1,64,16.345911949685533,0.7489050097818756,False,1,158,158,158,158.0,158,1.0,,1.0,1.0,0,0,0,"C2_caro_wei",1.8037974683544304,False,0.9685534591194969,4,6,1.0,1.0,True,0.9301226265822785,"optimum",False,0.09824880000087433,171,158,166,163,171,166,167,163,158,158,158,158
"kr_fixedweight (k=4, |x|=2, s=16)","kr_fixed_k4t2_N20_r0",20,320,1706,5,18,10.6625,0.24722330985090954,True,1,160,160,160,160.0,160,1.0,,1.0,1.0,0,0,0,"C2_caro_wei",1.8125,False,1.0,0,0,,,True,0.48767578125,"optimum",False,0.24057559999346267,187,168,175,160,187,179,194,160,160,160,160,160
"kr_fixedweight (k=6, |x|=3, s=16)","kr_fixed_k6t3_N20_r0",20,312,552,1,8,3.5384615384615383,0.46743343254696057,True,3,138,138,138,138.0,138,1.0,,1.0,1.0,0,1,1,"C2_caro_wei",1.681159420289855,False,0.3525641025641026,83,119,1.0,1.0,True,0.7881267699483592,"optimum",False,0.1372069999924861,141,141,143,139,141,146,140,139,138,138,138,138
"kr_fixedweight (k=5, |x|=2, s=16)","kr_fixed_k5t2_N20_r0",20,320,3073,10,31,19.20625,0.20696771634998593,False,1,198,192,192,160.0,160,1.2,,1.03125,1.03125,6,8,2,"C2_caro_wei",1.578125,False,1.0,0,0,,,True,0.49676513671875,"optimum",False,0.15307210000173654,231,208,226,200,231,225,242,200,198,198,198,198
"planted_regular (alpha=0.45, d=6)","planted_reg_a045_d6_n320_r0",20,320,997,4,12,6.23125,0.13393457122787844,False,1,175,175,175,160.0,160,1.09375,,1.0,1.0,0,0,0,"C2_caro_wei",1.5714285714285714,False,1.0,0,0,,,True,0.5971428571428572,"optimum",False,0.053926499997032806,204,180,183,197,204,216,175,177,175,175,175,175
"planted_regular (alpha=0.48, d=10)","planted_reg_a048_d10_n320_r0",20,320,1658,8,17,10.3625,0.1118586165977733,False,1,167,167,167,160.0,160,1.04375,,1.0,1.0,0,0,0,"C2_caro_wei",1.7425149700598803,False,1.0,0,0,,,True,0.6167664670658682,"optimum",False,0.07380800000100862,227,167,200,196,227,206,167,167,167,167,167,167
"random_regular (d=3)","random_reg_d3_n320_r0",20,320,480,3,3,3.0,0.0,False,1,179,178,178,160.0,160,1.1125,,1.0056179775280898,1.0056179775280898,1,5,4,"C2_caro_wei",1.348314606741573,False,1.0,0,0,,,True,0.5,"optimum",False,0.032519599990337156,203,194,196,183,203,203,196,183,179,179,179,179
"random_regular (d=6)","random_reg_d6_n320_r0",20,320,960,6,6,6.0,0.0,False,1,207,,188,160.0,160,,,,1.101063829787234,,,5,"C2_caro_wei",1.4574468085106382,False,1.0,0,0,,,True,0.5,"returned",False,0.0475466000061715,232,227,227,212,232,233,227,212,207,207,207,207
"thinned_grid (70% edges)","thinned_grid_17_r0",20,287,389,1,4,2.710801393728223,0.33522186034566803,True,2,143,143,143,143.0,143,1.0,,1.0,1.0,0,6,6,"C2_caro_wei",1.4195804195804196,False,0.8710801393728222,18,19,1.0,1.0,True,0.628010878010878,"optimum",False,0.10455280001042411,155,151,159,149,155,157,155,149,143,143,143,143
"kr_sampled (k=4, p=0.45, s=16)","kr_sampled_N20_r1",20,320,4134,4,64,25.8375,0.6291672734768444,False,1,166,166,166,160.0,160,1.0375,,1.0,1.0,0,0,0,"C2_caro_wei",1.8253012048192772,False,1.0,0,0,,,True,0.9555038335158818,"optimum",False,0.14181999998982064,181,166,173,180,181,172,179,177,166,166,166,166
"kr_sampled (k=6, p=0.45, s=16)","kr_sampled_k6_N20_r1",20,319,2449,1,64,15.35423197492163,0.750143092179344,False,1,161,161,161,155.5,155,1.038709677419355,,1.0,1.0,0,4,4,"C2_caro_wei",1.7701863354037266,False,0.8934169278996865,13,21,1.0,1.0,True,0.8492609481877507,"optimum",False,0.11243960000865627,168,166,171,165,168,170,167,165,161,161,161,161
"kr_fixedweight (k=4, |x|=2, s=16)","kr_fixed_k4t2_N20_r1",20,320,1718,5,18,10.7375,0.24902623275167649,True,1,157,157,157,157.0,157,1.0,,1.0,1.0,0,16,16,"C2_caro_wei",1.8535031847133758,False,0.03125,152,158,1.0,1.0,True,0.5884295260052362,"optimum",False,0.2574247999873478,206,178,185,173,206,188,199,173,157,157,157,157
"kr_fixedweight (k=6, |x|=3, s=16)","kr_fixed_k6t3_N20_r1",20,303,518,1,8,3.419141914191419,0.4745698360310981,True,5,135,135,135,135.0,135,1.0,,1.0,1.0,0,4,4,"C2_caro_wei",1.651851851851852,False,0.3432343234323432,83,116,1.0,1.0,True,0.7491402116402117,"optimum",False,0.15267690000473522,148,141,149,139,148,147,149,139,135,135,135,135
"kr_fixedweight (k=5, |x|=2, s=16)","kr_fixed_k5t2_N20_r1",20,320,3103,9,30,19.39375,0.18167242832209338,False,1,193,193,193,160.0,160,1.20625,,1.0,1.0,0,0,0,"C2_caro_wei",1.5699481865284974,False,1.0,0,0,,,True,0.5389213006405287,"optimum",False,0.13644610000483226,234,210,234,193,234,238,229,193,193,193,193,193
"planted_regular (alpha=0.45, d=6)","planted_reg_a045_d6_n320_r1",20,320,993,4,10,6.20625,0.11478153883761003,False,1,173,173,173,160.0,160,1.08125,,1.0,1.0,0,0,0,"C2_caro_wei",1.5895953757225434,False,1.0,0,0,,,True,0.60662183948724,"optimum",False,0.05346629999985453,220,185,176,195,220,209,173,173,173,173,173,173
"planted_regular (alpha=0.48, d=10)","planted_reg_a048_d10_n320_r1",20,320,1659,9,18,10.36875,0.10816202413295173,False,1,167,167,167,160.0,160,1.04375,,1.0,1.0,0,0,0,"C2_caro_wei",1.7425149700598803,False,1.0,0,0,,,True,0.6347305389221557,"optimum",False,0.07224910000513773,215,167,180,196,215,217,167,167,167,167,167,167
"random_regular (d=3)","random_reg_d3_n320_r1",20,320,480,3,3,3.0,0.0,False,1,179,177,177,160.0,160,1.10625,,1.0112994350282485,1.0112994350282485,2,6,4,"C2_caro_wei",1.3559322033898304,False,1.0,0,0,,,True,0.5,"optimum",False,0.03484700000262819,202,194,202,183,202,199,202,183,180,180,180,179
"random_regular (d=6)","random_reg_d6_n320_r1",20,320,960,6,6,6.0,0.0,False,1,210,,189,160.0,160,,,,1.1111111111111112,,,4,"C2_caro_wei",1.4497354497354498,False,1.0,0,0,,,True,0.5,"returned",False,0.1139922000002116,229,224,233,216,229,235,233,214,210,210,210,210
"thinned_grid (70% edges)","thinned_grid_17_r1",20,285,387,1,4,2.7157894736842105,0.3378843224472655,True,3,140,140,140,140.0,140,1.0,,1.0,1.0,0,6,6,"C2_caro_wei",1.4428571428571428,False,0.26666666666666666,102,107,1.0,1.0,True,0.6490640394088669,"optimum",False,0.21203609999793116,152,152,156,146,152,155,149,146,142,142,140,140
"kr_sampled (k=4, p=0.45, s=16)","kr_sampled_N20_r2",20,320,3777,1,64,23.60625,0.666811070565904,False,1,162,162,162,157.5,157,1.0318471337579618,,1.0,1.0,0,0,0,"C2_caro_wei",1.8395061728395061,False,0.978125,1,6,1.0,1.0,True,0.9161978434130333,"optimum",False,0.2262073000019882,178,162,179,163,178,180,176,163,162,162,162,162
"kr_sampled (k=6, p=0.45, s=16)","kr_sampled_k6_N20_r2",20,320,3025,1,64,18.90625,0.6924128520474517,False,1,173,173,173,159.5,159,1.0880503144654088,,1.0,1.0,0,4,4,"C2_caro_wei",1.699421965317919,False,0.984375,2,3,1.0,1.0,True,0.9035429200581967,"optimum",False,0.23268190000089817,197,177,186,178,197,183,179,178,173,173,173,173
"kr_fixedweight (k=4, |x|=2, s=16)","kr_fixed_k4t2_N20_r2",20,320,1737,4,20,10.85625,0.29595449166459603,True,1,149,149,149,149.0,149,1.0,,1.0,1.0,0,5,5,"C2_caro_wei",1.9463087248322148,False,0.04375,142,164,1.0,1.0,True,0.6884885592056202,"optimum",False,0.4410370999976294,181,154,174,172,181,172,213,172,149,149,149,149
"kr_fixedweight (k=6, |x|=3, s=16)","kr_fixed_k6t3_N20_r2",20,308,490,1,10,3.1818181818181817,0.5949740911133946,True,4,125,125,125,125.0,125,1.0,,1.0,1.0,0,1,1,"C2_caro_wei",1.752,False,0.22077922077922077,91,149,1.0,1.0,True,0.8224262295081968,"optimum",False,0.21829939998860937,134,126,134,129,134,132,136,129,125,125,125,125
"kr_fixedweight (k=5, |x|=2, s=16)","kr_fixed_k5t2_N20_r2",20,320,3108,11,30,19.425,0.19085408963271033,False,1,190,188,188,160.0,160,1.175,,1.0106382978723405,1.0106382978723405,2,7,5,"C2_caro_wei",1.6117021276595744,False,1.0,0,0,,,True,0.4925249838813669,"optimum",False,0.25347889999102335,229,210,222,195,229,228,208,195,190,190,190,190
"planted_regular (alpha=0.45, d=6)","planted_reg_a045_d6_n320_r2",20,320,1005,4,12,6.28125,0.13575800851266517,False,1,174,174,174,160.0,160,1.0875,,1.0,1.0,0,0,0,"C2_caro_wei",1.5804597701149425,False,1.0,0,0,,,True,0.6317902692489372,"optimum",False,0.050343899987638,208,175,174,208,208,218,174,174,174,174,174,174
"planted_regular (alpha=0.48, d=10)","planted_reg_a048_d10_n320_r2",20,320,1663,9,16,10.39375,0.10788845771325413,False,1,167,167,167,160.0,160,1.04375,,1.0,1.0,0,0,0,"C2_caro_wei",1.7425149700598803,False,1.0,0,0,,,True,0.6377245508982036,"optimum",False,0.11694229999557137,222,167,172,199,222,206,167,167,167,167,167,167
"random_regular (d=3)","random_reg_d3_n320_r2",20,320,480,3,3,3.0,0.0,False,1,179,176,176,160.0,160,1.1,,1.0170454545454546,1.0170454545454546,3,5,2,"C2_caro_wei",1.3636363636363635,False,1.0,0,0,,,True,0.5,"optimum",False,0.08067840000148863,205,197,203,181,205,199,203,181,179,179,179,179
"random_regular (d=6)","random_reg_d6_n320_r2",20,320,960,6,6,6.0,0.0,False,1,212,,190,160.0,160,,,,1.1157894736842104,,,5,"C2_caro_wei",1.4421052631578948,False,1.0,0,0,,,True,0.5,"returned",False,0.08561939999344759,228,223,231,222,228,235,231,217,212,212,212,212
"thinned_grid (70% edges)","thinned_grid_17_r2",20,287,392,1,4,2.731707317073171,0.3236530171498546,True,3,143,143,143,143.0,143,1.0,,1.0,1.0,0,5,5,"C2_caro_wei",1.4265734265734267,False,0.8501742160278746,21,22,1.0,1.0,True,0.6439393939393939,"optimum",False,0.2126293000037549,150,152,155,148,150,159,152,148,144,144,143,143
"kr_sampled (k=4, p=0.45, s=16)","kr_sampled_N40_r0",40,640,8345,2,64,26.078125,0.6040991842548832,False,1,354,354,354,320.0,320,1.10625,,1.0,1.0,0,10,10,"C2_caro_wei",1.7118644067796611,False,1.0,0,0,,,True,0.9100588676859863,"optimum",False,0.5662254000053508,381,364,373,369,381,378,380,369,354,354,354,354
"kr_sampled (k=6, p=0.45, s=16)","kr_sampled_k6_N40_r0",40,636,5417,1,64,17.034591194968552,0.7563034476781273,False,1,329,328,328,316.5,316,1.0379746835443038,,1.0030487804878048,1.0030487804878048,1,3,2,"C2_caro_wei",1.7591463414634145,False,0.9827044025157232,4,7,1.0,1.0,True,0.8853836712068419,"optimum",False,0.2102623999962816,361,331,348,336,361,348,352,336,329,329,329,329
"kr_fixedweight (k=4, |x|=2, s=16)","kr_fixed_k4t2_N40_r0",40,640,3422,5,19,10.69375,0.2544347164669747,True,1,327,312,312,312.0,312,1.0,,1.0480769230769231,1.0480769230769231,15,26,11,"C2_caro_wei",1.8653846153846154,False,0.025,304,320,0.019736842105263157,0.021875,False,0.5568861397748592,"optimum",False,0.5458164000010584,377,351,370,338,377,368,389,338,327,327,327,327
"kr_fixedweight (k=6, |x|=3, s=16)","kr_fixed_k6t3_N40_r0",40,613,1028,1,8,3.3539967373572592,0.4802093813932071,True,11,261,261,261,261.0,261,1.0,,1.0,1.0,0,5,5,"C2_caro_wei",1.7203065134099618,False,0.21859706362153344,194,285,1.0,1.0,True,0.7942844392197841,"optimum",False,0.3139107999886619,276,268,277,266,276,280,273,266,261,261,261,261
"kr_fixedweight (k=5, |x|=2, s=16)","kr_fixed_k5t2_N40_r0",40,640,6134,10,29,19.16875,0.18134767255237924,False,1,394,379,379,320.0,320,1.184375,,1.0395778364116095,1.0395778364116095,15,36,21,"C2_caro_wei",1.6015831134564644,False,1.0,0,0,,,True,0.5476248243512369,"optimum",False,0.29575769999064505,446,421,447,415,446,463,460,415,394,394,394,394
"planted_regular (alpha=0.45, d=6)","planted_reg_a045_d6_n640_r0",40,640,1993,4,10,6.228125,0.1174913204071692,False,1,350,350,350,320.0,320,1.09375,,1.0,1.0,0,0,0,"C2_caro_wei",1.5714285714285714,False,1.0,0,0,,,True,0.6196305418719212,"optimum",False,0.1197103999875253,428,361,356,390,428,434,350,350,350,350,350,350
"planted_regular (alpha=0.48, d=10)","planted_reg_a048_d10_n640_r0",40,640,3337,8,19,10.428125,0.12530056063573983,False,1,333,333,333,320.0,320,1.040625,,1.0,1.0,0,0,0,"C2_caro_wei",1.7507507507507507,False,1.0,0,0,,,True,0.6321321321321322,"optimum",False,0.16159169998718426,449,333,352,344,449,448,333,333,333,333,333,333
"random_regular (d=3)","random_reg_d3_n640_r0",40,640,960,3,3,3.0,0.0,False,1,355,,340,320.0,320,,,,1.0441176470588236,,,5,"C2_caro_wei",1.411764705882353,False,1.0,0,0,,,True,0.5,"returned",False,0.09382040001219139,394,393,400,360,394,399,400,361,355,355,355,355
"random_regular (d=6)","random_reg_d6_n640_r0",40,640,1920,6,6,6.0,0.0,False,1,421,,365,320.0,320,,,,1.1534246575342466,,,9,"C2_caro_wei",1.5013698630136987,False,1.0,0,0,,,True,0.5,"returned",False,0.14153830001305323,461,455,461,431,461,462,461,430,421,421,421,421
"thinned_grid (70% edges)","thinned_grid_25_r0",40,619,835,1,4,2.6978998384491115,0.33263243988280844,True,6,308,306,306,306.0,306,1.0,,1.0065359477124183,1.0065359477124183,2,11,9,"C2_caro_wei",1.434640522875817,False,0.45234248788368336,166,173,0.7409638554216867,0.7398843930635838,False,0.6387218359122137,"optimum",False,0.20852510000986513,329,322,334,318,329,338,317,318,309,309,308,308
"kr_sampled (k=4, p=0.45, s=16)","kr_sampled_N40_r1",40,640,7996,1,64,24.9875,0.629957536097205,False,1,345,344,344,319.0,319,1.078369905956113,,1.002906976744186,1.002906976744186,1,3,2,"C2_caro_wei",1.752906976744186,False,0.984375,4,6,1.0,1.0,True,0.8918329666876179,"optimum",False,0.3693436000030488,374,347,366,352,374,367,370,351,345,345,345,345
"kr_sampled (k=6, p=0.45, s=16)","kr_sampled_k6_N40_r1",40,638,5276,1,64,16.539184952978058,0.7965861633931018,False,1,310,310,310,310.0,310,1.0,,1.0,1.0,0,1,1,"C2_caro_wei",1.8612903225806452,False,0.25705329153605017,228,246,1.0,1.0,True,0.9256195908733281,"optimum",False,0.22500159998890013,327,311,328,318,327,331,333,318,310,310,310,310
"kr_fixedweight (k=4, |x|=2, s=16)","kr_fixed_k4t2_N40_r1",40,640,3486,4,22,10.89375,0.28793316832899907,True,1,311,311,311,311.0,311,1.0,,1.0,1.0,0,17,17,"C2_caro_wei",1.8681672025723473,False,0.0,311,329,1.0,1.0,True,0.5589724293630705,"optimum",False,0.5937447999895085,346,335,371,328,346,369,370,328,311,311,311,311
"kr_fixedweight (k=6, |x|=3, s=16)","kr_fixed_k6t3_N40_r1",40,625,1082,1,10,3.4624,0.4842993783227082,True,4,274,274,274,274.0,274,1.0,,1.0,1.0,0,2,2,"C2_caro_wei",1.6824817518248176,False,0.2944,182,259,1.0,1.0,True,0.7499792043587664,"optimum",False,0.2428213999955915,302,276,303,283,302,297,310,283,274,274,274,274
"kr_fixedweight (k=5, |x|=2, s=16)","kr_fixed_k5t2_N40_r1",40,640,6232,9,31,19.475,0.1998984649350157,False,1,393,,367,320.0,320,,394,,1.0708446866485013,,,9,"C2_caro_wei",1.6539509536784742,False,1.0,0,0,,,True,0.44757232470801867,"planted",False,0.31118799999239855,449,416,464,402,449,457,432,402,393,393,393,393
"planted_regular (alpha=0.45, d=6)","planted_reg_a045_d6_n640_r1",40,640,2002,4,12,6.25625,0.13372814096297567,False,1,352,,343,320.0,320,,352,,1.0262390670553936,,,0,"C2_caro_wei",1.6034985422740524,False,1.0,0,0,,,True,0.6022727272727273,"planted",False,0.12632149999262765,427,354,359,382,427,428,352,352,352,352,352,352
"planted_regular (alpha=0.48, d=10)","planted_reg_a048_d10_n640_r1",40,640,3335,8,18,10.421875,0.11290261207534841,False,1,333,333,333,320.0,320,1.040625,,1.0,1.0,0,0,0,"C2_caro_wei",1.7507507507507507,False,1.0,0,0,,,True,0.6591591591591592,"optimum",False,0.1638935999944806,455,333,361,392,455,436,333,333,333,333,333,333
"random_regular (d=3)","random_reg_d3_n640_r1",40,640,960,3,3,3.0,0.0,False,1,356,,341,320.0,320,,,,1.0439882697947214,,,9,"C2_caro_wei",1.4076246334310851,False,1.0,0,0,,,True,0.5,"returned",False,0.07004330000199843,397,383,400,365,397,401,400,365,356,356,356,356
"random_regular (d=6)","random_reg_d6_n640_r1",40,640,1920,6,6,6.0,0.0,False,1,420,,353,320.0,320,,,,1.1898016997167138,,,4,"C2_caro_wei",1.5524079320113315,False,1.0,0,0,,,True,0.5,"returned",False,0.17730209999717772,468,443,467,428,468,468,467,424,420,420,420,420
"thinned_grid (70% edges)","thinned_grid_25_r1",40,622,853,1,4,2.742765273311897,0.3271649183834406,True,1,308,306,306,306.0,306,1.0,,1.0065359477124183,1.0065359477124183,2,7,5,"C2_caro_wei",1.4509803921568627,False,0.6012861736334405,119,129,0.6218487394957983,0.6434108527131783,False,0.6476689832050964,"optimum",False,0.3284138000017265,329,330,339,313,329,345,322,313,308,308,308,308
"kr_sampled (k=4, p=0.45, s=16)","kr_sampled_N40_r2",40,640,8539,1,64,26.684375,0.592100584904507,False,1,336,336,336,320.0,320,1.05,,1.0,1.0,0,4,4,"C2_caro_wei",1.8005952380952381,False,1.0,0,0,,,True,0.7943540491854637,"optimum",False,0.5756582000030903,391,358,371,340,391,373,379,340,336,336,336,336
"kr_sampled (k=6, p=0.45, s=16)","kr_sampled_k6_N40_r2",40,638,4815,1,64,15.094043887147336,0.821765100468206,False,1,306,306,306,306.0,306,1.0,,1.0,1.0,0,7,7,"C2_caro_wei",1.8529411764705883,False,0.11912225705329153,268,294,1.0,1.0,True,0.9518810536262697,"optimum",False,0.29630750000069384,313,314,317,313,313,317,321,313,306,306,306,306
"kr_fixedweight (k=4, |x|=2, s=16)","kr_fixed_k4t2_N40_r2",40,640,3407,4,21,10.646875,0.2891175080648797,True,1,323,319,319,319.0,319,1.0,,1.0125391849529781,1.0125391849529781,4,12,8,"C2_caro_wei",1.8181818181818181,False,0.01875,313,315,0.8690095846645367,0.8571428571428571,False,0.5096778288850476,"optimum",False,0.9176966000086395,374,342,351,331,374,344,348,331,323,323,323,323
"kr_fixedweight (k=6, |x|=3, s=16)","kr_fixed_k6t3_N40_r2",40,614,1040,1,10,3.3876221498371337,0.49860474705620506,True,7,252,252,252,252.0,252,1.0,,1.0,1.0,0,7,7,"C2_caro_wei",1.7896825396825398,False,0.13680781758957655,210,320,1.0,1.0,True,0.7955033763044813,"optimum",False,0.43096320000768173,271,262,266,259,271,271,275,259,252,252,252,252
"kr_fixedweight (k=5, |x|=2, s=16)","kr_fixed_k5t2_N40_r2",40,640,6142,11,31,19.19375,0.19085149443481528,False,1,377,,360,320.0,320,,377,,1.0472222222222223,,,12,"C2_caro_wei",1.6861111111111111,False,1.0,0,0,,,True,0.545420621072909,"planted",False,0.5808388000004925,434,427,434,389,434,437,441,389,377,377,377,377
"planted_regular (alpha=0.45, d=6)","planted_reg_a045_d6_n640_r2",40,640,1989,5,12,6.215625,0.11591873101595698,False,1,350,350,350,320.0,320,1.09375,,1.0,1.0,0,0,0,"C2_caro_wei",1.5714285714285714,False,1.0,0,0,,,True,0.6042857142857143,"optimum",False,0.19374420000531245,428,363,352,367,428,420,350,350,350,350,350,350
"planted_regular (alpha=0.48, d=10)","planted_reg_a048_d10_n640_r2",40,640,3329,7,18,10.403125,0.11090838992769034,False,1,333,333,333,320.0,320,1.040625,,1.0,1.0,0,0,0,"C2_caro_wei",1.7507507507507507,False,1.0,0,0,,,True,0.6471471471471472,"optimum",False,0.1643466000095941,456,333,346,396,456,425,333,333,333,333,333,333
"random_regular (d=3)","random_reg_d3_n640_r2",40,640,960,3,3,3.0,0.0,False,1,356,,341,320.0,320,,,,1.0439882697947214,,,9,"C2_caro_wei",1.4076246334310851,False,1.0,0,0,,,True,0.5,"returned",False,0.06513160000031348,397,390,397,365,397,400,397,365,356,356,356,356
"random_regular (d=6)","random_reg_d6_n640_r2",40,640,1920,6,6,6.0,0.0,False,1,420,,365,320.0,320,,,,1.1506849315068493,,,5,"C2_caro_wei",1.5013698630136987,False,1.0,0,0,,,True,0.5,"returned",False,0.10375690000364557,462,449,461,434,462,475,461,425,420,420,420,420
"thinned_grid (70% edges)","thinned_grid_25_r2",40,617,843,1,4,2.73257698541329,0.3196965294954953,True,4,305,304,304,304.0,304,1.0,,1.0032894736842106,1.0032894736842106,1,6,5,"C2_caro_wei",1.4473684210526316,False,0.5413290113452188,137,146,1.0,1.0,True,0.6654247940137885,"optimum",False,0.19894149999890942,317,330,329,310,317,336,312,310,305,305,305,305
"kr_sampled (k=4, p=0.45, s=16)","kr_sampled_N80_r0",80,1280,17224,3,64,26.9125,0.5892637027481783,False,1,710,,683,640.0,640,,735,,1.0395314787701317,,,8,"C2_caro_wei",1.780380673499268,False,1.0,0,0,,,True,0.752233664107845,"planted",False,0.7134402000083355,757,718,761,745,757,761,764,745,710,710,710,710
"kr_sampled (k=6, p=0.45, s=16)","kr_sampled_k6_N80_r0",80,1273,10457,1,64,16.42890809112333,0.7670552794430776,False,1,634,634,634,625.0,625,1.0144,,1.0,1.0,0,9,9,"C2_caro_wei",1.8107255520504733,False,0.8578161822466615,79,102,1.0,1.0,True,0.9295885724441285,"optimum",False,0.43966160000127275,669,643,651,647,669,653,663,647,634,634,634,634
"kr_fixedweight (k=4, |x|=2, s=16)","kr_fixed_k4t2_N80_r0",80,1280,6801,3,22,10.6265625,0.30772602775126895,True,1,662,638,638,638.0,638,1.0,,1.0376175548589341,1.0376175548589341,24,42,18,"C2_caro_wei",1.8181818181818181,False,0.01875,626,630,0.5351437699680511,0.5,False,0.513213019658395,"optimum",False,1.198761799998465,736,680,710,689,736,719,733,689,662,662,662,662
"kr_fixedweight (k=6, |x|=3, s=16)","kr_fixed_k6t3_N80_r0",80,1214,1945,1,10,3.2042833607907744,0.5140174663986766,True,13,500,500,500,500.0,500,1.0,,1.0,1.0,0,10,10,"C2_caro_wei",1.754,False,0.22899505766062603,361,575,1.0,1.0,True,0.8232296918767508,"optimum",False,0.5925865999888629,521,510,524,510,521,532,529,510,500,500,500,500
"kr_fixedweight (k=5, |x|=2, s=16)","kr_fixed_k5t2_N80_r0",80,1280,12221,8,30,19.0953125,0.202053121172155,False,1,777,,666,640.0,640,,773,,1.1666666666666667,,,21,"C2_caro_wei",1.8213213213213213,False,1.0,0,0,,,True,0.48288131744197027,"planted",False,0.6133086999907391,863,817,890,798,863,885,862,798,777,777,777,777
"planted_regular (alpha=0.45, d=6)","planted_reg_a045_d6_n1280_r0",80,1280,4008,6,14,6.2625,0.13521388865820316,False,1,698,,669,640.0,640,,704,,1.0433482810164425,,,0,"C2_caro_wei",1.647234678624813,False,1.0,0,0,,,True,0.6129261363636364,"planted",False,0.22874099999899045,863,709,698,701,863,861,698,698,698,698,698,698
"planted_regular (alpha=0.48, d=10)","planted_reg_a048_d10_n1280_r0",80,1280,6674,8,20,10.428125,0.12026865962013089,False,1,666,666,666,640.0,640,1.040625,,1.0,1.0,0,0,0,"C2_caro_wei",1.7507507507507507,False,1.0,0,0,,,True,0.6471471471471472,"optimum",False,0.4911722000106238,940,666,681,805,940,842,666,666,666,666,666,666
"random_regular (d=3)","random_reg_d3_n1280_r0",80,1280,1920,3,3,3.0,0.0,False,1,715,,658,640.0,640,,,,1.0866261398176291,,,12,"C2_caro_wei",1.458966565349544,False,1.0,0,0,,,True,0.5,"returned",False,0.20444050000514835,800,766,783,727,800,806,783,727,715,715,715,715
"random_regular (d=6)","random_reg_d6_n1280_r0",80,1280,3840,6,6,6.0,0.0,False,1,837,,679,640.0,640,,,,1.2326951399116348,,,19,"C2_caro_wei",1.6156111929307806,False,1.0,0,0,,,True,0.5,"returned",False,0.3891901000024518,931,895,921,856,931,945,921,864,837,837,837,837
"thinned_grid (70% edges)","thinned_grid_35_r0",80,1213,1671,1,4,2.7551525144270403,0.31476620824331364,True,4,599,596,596,596.0,596,1.0,,1.00503355704698,1.00503355704698,3,25,22,"C2_caro_wei",1.4563758389261745,False,0.13520197856553998,514,535,0.8560311284046692,0.8560747663551402,False,0.6331989057248213,"optimum",False,0.5816503999958513,633,641,665,621,633,668,627,621,600,600,599,599
"kr_sampled (k=4, p=0.45, s=16)","kr_sampled_N80_r1",80,1280,17331,2,64,27.0796875,0.6003877298025075,False,1,707,,681,639.5,639,,701,,1.038179148311307,,,5,"C2_caro_wei",1.7826725403817916,False,0.99609375,2,3,1.0,1.0,True,0.7893965935660627,"planted",False,1.077249900001334,754,712,747,737,754,746,767,737,707,707,707,707
"kr_sampled (k=6, p=0.45, s=16)","kr_sampled_k6_N80_r1",80,1272,10881,1,64,17.108490566037737,0.761225161364855,False,1,641,641,641,631.5,631,1.0158478605388273,,1.0,1.0,0,8,8,"C2_caro_wei",1.8034321372854913,False,0.9331761006289309,38,47,1.0,1.0,True,0.9007197054918646,"optimum",False,0.6543729000113672,703,649,679,651,703,678,688,651,641,641,641,641
"kr_fixedweight (k=4, |x|=2, s=16)","kr_fixed_k4t2_N80_r1",80,1280,6899,3,20,10.7796875,0.2638397564736652,True,1,618,618,618,618.0,618,1.0,,1.0,1.0,0,36,36,"C2_caro_wei",1.8818770226537216,False,0.0078125,613,657,1.0,1.0,True,0.5776369049364972,"optimum",False,1.7841591000033077,753,686,724,654,753,713,743,654,618,618,618,618
"kr_fixedweight (k=6, |x|=3, s=16)","kr_fixed_k6t3_N80_r1",80,1239,2014,1,10,3.2510088781275224,0.4965647947761398,True,16,535,535,535,535.0,535,1.0,,1.0,1.0,0,6,6,"C2_caro_wei",1.6822429906542056,False,0.2711864406779661,367,536,1.0,1.0,True,0.7890014337298216,"optimum",False,0.8475801000022329,569,541,570,545,569,568,576,545,535,535,535,535
"kr_fixedweight (k=5, |x|=2, s=16)","kr_fixed_k5t2_N80_r1",80,1280,12300,9,31,19.21875,0.1962285692705764,False,1,787,,675,640.0,640,,781,,1.165925925925926,,,38,"C2_caro_wei",1.7985185185185186,False,1.0,0,0,,,True,0.46093210749283453,"planted",False,1.0443731999985175,882,831,890,825,882,902,855,825,787,787,787,787
"planted_regular (alpha=0.45, d=6)","planted_reg_a045_d6_n1280_r1",80,1280,4006,4,13,6.259375,0.1312479833826007,False,1,700,,664,640.0,640,,704,,1.0542168674698795,,,0,"C2_caro_wei",1.6596385542168675,False,1.0,0,0,,,True,0.6171875,"planted",False,0.4564839000086067,858,723,705,768,858,888,700,700,700,700,700,700
"planted_regular (alpha=0.48, d=10)","planted_reg_a048_d10_n1280_r1",80,1280,6695,8,20,10.4609375,0.11943379829514172,False,1,666,666,666,640.0,640,1.040625,,1.0,1.0,0,0,0,"C2_caro_wei",1.7522522522522523,False,1.0,0,0,,,True,0.662912912912913,"optimum",False,0.5795425999967847,889,666,684,798,889,897,666,666,666,666,666,666
"random_regular (d=3)","random_reg_d3_n1280_r1",80,1280,1920,3,3,3.0,0.0,False,1,709,,669,640.0,640,,,,1.0597907324364724,,,20,"C2_caro_wei",1.4349775784753362,False,1.0,0,0,,,True,0.5,"returned",False,0.1873282000015024,803,777,798,729,803,804,798,729,709,709,709,709
"random_regular (d=6)","random_reg_d6_n1280_r1",80,1280,3840,6,6,6.0,0.0,False,1,843,,690,640.0,640,,,,1.2217391304347827,,,16,"C2_caro_wei",1.5898550724637681,False,1.0,0,0,,,True,0.5,"returned",False,0.20305779999762308,925,899,928,861,925,934,928,859,843,843,843,843
"thinned_grid (70% edges)","thinned_grid_35_r1",80,1208,1666,1,4,2.7582781456953644,0.3138721982638049,True,5,600,597,597,597.0,597,1.0,,1.0050251256281406,1.0050251256281406,3,24,21,"C2_caro_wei",1.4489112227805696,False,0.3344370860927152,395,409,0.8025316455696202,0.8019559902200489,False,0.6350684135352156,"optimum",False,0.39764079998712987,634,640,660,621,634,673,626,621,603,603,602,600
"kr_sampled (k=4, p=0.45, s=16)","kr_sampled_N80_r2",80,1280,16101,1,64,25.1578125,0.6223819612972552,False,1,691,,678,640.0,640,,700,,1.019174041297935,,,7,"C2_caro_wei",1.7817109144542773,False,1.0,0,0,,,True,0.7651477832512316,"planted",False,0.6661595000041416,769,698,732,720,769,729,734,720,691,691,691,691
"kr_sampled (k=6, p=0.45, s=16)","kr_sampled_k6_N80_r2",80,1279,10672,1,64,16.688037529319782,0.764808300480393,False,1,644,644,644,636.5,636,1.0125786163522013,,1.0,1.0,0,6,6,"C2_caro_wei",1.7981366459627328,False,0.9483971853010165,30,36,1.0,1.0,True,0.904192546583851,"optimum",False,0.626999900006922,708,650,667,662,708,671,693,662,644,644,644,644
"kr_fixedweight (k=4, |x|=2, s=16)","kr_fixed_k4t2_N80_r2",80,1280,6833,3,21,10.6765625,0.30205553833840726,True,1,652,632,632,632.0,632,1.0,,1.0316455696202531,1.0316455696202531,20,27,7,"C2_caro_wei",1.8354430379746836,False,0.078125,582,598,0.7594501718213058,0.7324414715719063,False,0.5478456106422879,"optimum",False,1.8129161999968346,716,659,707,679,716,698,730,679,652,652,652,652
"kr_fixedweight (k=6, |x|=3, s=16)","kr_fixed_k6t3_N80_r2",80,1228,2048,1,9,3.3355048859934855,0.47200358072636045,True,13,531,531,531,531.0,531,1.0,,1.0,1.0,0,12,12,"C2_caro_wei",1.6967984934086628,False,0.18403908794788273,418,584,1.0,1.0,True,0.7805094202487388,"optimum",False,0.7522064999939175,577,547,569,543,577,572,573,543,531,531,531,531
"kr_fixedweight (k=5, |x|=2, s=16)","kr_fixed_k5t2_N80_r2",80,1280,12318,9,31,19.246875,0.18692598099439564,False,1,765,,695,640.0,640,,765,,1.1007194244604317,,,20,"C2_caro_wei",1.7467625899280577,False,1.0,0,0,,,True,0.5328117266324005,"planted",False,0.9718662000086624,856,842,904,785,856,905,871,785,765,765,765,765
"planted_regular (alpha=0.45, d=6)","planted_reg_a045_d6_n1280_r2",80,1280,3993,4,12,6.2390625,0.12975288543923516,False,1,699,,671,640.0,640,,704,,1.0417287630402385,,,1,"C2_caro_wei",1.6408345752608047,False,1.0,0,0,,,True,0.6015625,"planted",False,0.25443269999232143,855,723,708,745,855,867,700,701,699,699,699,699
"planted_regular (alpha=0.48, d=10)","planted_reg_a048_d10_n1280_r2",80,1280,6689,8,22,10.4515625,0.12093725796992237,False,1,666,666,666,640.0,640,1.040625,,1.0,1.0,0,0,0,"C2_caro_wei",1.7522522522522523,False,1.0,0,0,,,True,0.6569069069069069,"optimum",False,0.35624530000495724,923,666,677,672,923,910,666,666,666,666,666,666
"random_regular (d=3)","random_reg_d3_n1280_r2",80,1280,1920,3,3,3.0,0.0,False,1,713,,656,640.0,640,,,,1.086890243902439,,,18,"C2_caro_wei",1.4634146341463414,False,1.0,0,0,,,True,0.5,"returned",False,0.1405458999943221,794,774,799,731,794,802,799,731,713,713,713,713
"random_regular (d=6)","random_reg_d6_n1280_r2",80,1280,3840,6,6,6.0,0.0,False,1,839,,669,640.0,640,,,,1.2541106128550075,,,18,"C2_caro_wei",1.639760837070254,False,1.0,0,0,,,True,0.5,"returned",False,0.29257039999356493,921,896,928,861,921,927,928,857,839,839,839,839
"thinned_grid (70% edges)","thinned_grid_35_r2",80,1206,1632,1,4,2.7064676616915424,0.33545653638402717,True,4,595,592,592,592.0,592,1.0,,1.0050675675675675,1.0050675675675675,3,20,17,"C2_caro_wei",1.445945945945946,False,0.4079601990049751,346,368,0.6936416184971098,0.7038043478260869,False,0.6604124482788978,"optimum",False,0.603123399996548,624,636,655,612,624,653,620,612,595,595,595,595
