group,name,N,d,k,p,eta,s,linear,n,m,planted_cover,tau,c1,c2,c3,c4,c5,c6,c7,c8,c9,c10,c11,c12,final,ratio_vs_planted,ratio_vs_tau,lower_bound,ratio_upper_bound,beats_or_matches_planted,optimal,c10_raw,c11_exact,elapsed_seconds
"KR permutation UG (k=4, p=0.45, eta=0)",kr_base_N40_r0,40,4,4,0.45,0.0,16,False,640,7946,347,345,383,353,371,360,383,369,366,360,348,348,348,348,348,1.002882,1.008696,345,1.008696,False,False,348,False,0.351
"KR label size k=3",kr_k3_N40_r0,40,4,3,0.45,0.0,16,False,640,10612,348,348,388,363,358,394,388,358,387,365,358,358,358,358,358,1.028736,1.028736,348,1.028736,False,False,358,False,0.399
"KR label size k=6",kr_k6_N40_r0,40,4,6,0.45,0.0,16,False,640,5712,367,319,358,324,340,325,358,334,349,325,320,320,320,320,320,0.871935,1.003135,319,1.003135,True,False,320,False,0.228
"KR bias p=0.35",kr_p0.35_N40_r0,40,4,4,0.35,0.0,16,False,640,11906,398,,432,415,459,404,432,460,427,404,398,398,398,398,398,1.000000,,362,1.099448,True,False,398,False,0.468
"KR bias p=0.49",kr_p0.49_N40_r0,40,4,4,0.49,0.0,16,False,640,6973,325,319,339,324,353,331,339,354,346,331,323,323,323,323,323,0.993846,1.012539,319,1.012539,True,False,323,False,0.418
"KR noise eta=0.02",kr_eta0.02_N40_r0,40,4,4,0.45,0.02,16,False,640,8439,349,349,395,361,400,368,395,391,369,368,358,358,358,358,358,1.025788,1.025788,349,1.025788,False,False,358,False,0.590
"KR noise eta=0.1",kr_eta0.1_N40_r0,40,4,4,0.45,0.1,16,False,640,8673,392,,397,363,390,376,397,384,384,368,359,359,359,359,359,0.915816,,346,1.037572,True,False,359,False,0.559
"KR constraint degree d=8",kr_d8_N40_r0,40,8,4,0.45,0.0,16,False,640,15431,331,331,442,368,376,331,442,386,428,331,331,331,331,331,331,1.000000,1.000000,331,1.000000,True,True,331,False,0.454
"KR samples per block s=32",kr_s32_N40_r0,40,4,4,0.45,0.0,32,False,1280,33332,693,693,800,734,779,747,800,777,767,747,732,732,732,732,732,1.056277,1.056277,693,1.056277,False,False,732,False,1.172
"KR linear UG Max-2-Lin(Z_k)",kr_linear_N40_r0,40,4,4,0.45,0.0,16,True,640,7645,334,331,378,339,359,346,378,352,372,346,334,334,334,334,334,1.000000,1.009063,331,1.009063,True,False,334,False,0.571
"KR permutation UG (k=4, p=0.45, eta=0)",kr_base_N40_r1,40,4,4,0.45,0.0,16,False,640,8002,338,338,379,349,379,361,379,379,379,361,348,348,348,348,348,1.029586,1.029586,338,1.029586,False,False,348,False,0.692
"KR label size k=3",kr_k3_N40_r1,40,4,3,0.45,0.0,16,False,640,9999,329,329,393,341,357,330,393,357,379,330,329,329,329,329,329,1.000000,1.000000,329,1.000000,True,True,329,False,0.611
"KR label size k=6",kr_k6_N40_r1,40,4,6,0.45,0.0,16,False,640,5699,364,332,360,339,349,341,360,346,358,341,332,332,332,332,332,0.912088,1.000000,332,1.000000,True,True,332,False,0.447
"KR bias p=0.35",kr_p0.35_N40_r1,40,4,4,0.35,0.0,16,False,640,12163,424,,456,418,458,419,456,456,439,419,398,398,398,398,398,0.938679,,357,1.114846,True,False,398,False,1.041
"KR bias p=0.49",kr_p0.49_N40_r1,40,4,4,0.49,0.0,16,False,640,7081,335,320,343,324,342,341,343,342,335,341,320,320,320,320,320,0.955224,1.000000,320,1.000000,True,True,320,False,0.613
"KR noise eta=0.02",kr_eta0.02_N40_r1,40,4,4,0.45,0.02,16,False,640,7795,358,336,365,343,349,342,365,351,360,342,336,336,336,336,336,0.938547,1.000000,336,1.000000,True,True,336,False,0.681
"KR noise eta=0.1",kr_eta0.1_N40_r1,40,4,4,0.45,0.1,16,False,640,9222,358,354,408,376,397,368,408,397,401,368,354,354,354,354,354,0.988827,1.000000,354,1.000000,True,True,354,False,0.790
"KR constraint degree d=8",kr_d8_N40_r1,40,8,4,0.45,0.0,16,False,640,15877,351,351,404,370,397,351,404,398,419,351,351,351,351,351,351,1.000000,1.000000,351,1.000000,True,True,351,False,0.931
"KR samples per block s=32",kr_s32_N40_r1,40,4,4,0.45,0.0,32,False,1280,32065,709,,790,731,759,736,790,754,766,736,716,716,716,716,716,1.009873,,689,1.039187,False,False,716,False,1.939
"KR linear UG Max-2-Lin(Z_k)",kr_linear_N40_r1,40,4,4,0.45,0.0,16,True,640,7557,335,327,350,335,355,344,350,357,347,344,332,332,332,332,332,0.991045,1.015291,327,1.015291,True,False,332,False,0.536
"KR permutation UG (k=4, p=0.45, eta=0)",kr_base_N40_r2,40,4,4,0.45,0.0,16,False,640,8360,358,351,376,355,377,361,376,373,372,361,351,351,351,351,351,0.980447,1.000000,351,1.000000,True,True,351,False,0.551
"KR label size k=3",kr_k3_N40_r2,40,4,3,0.45,0.0,16,False,640,10714,340,340,385,358,357,385,385,357,377,367,341,341,341,340,340,1.000000,1.000000,340,1.000000,True,True,341,False,0.416
"KR label size k=6",kr_k6_N40_r2,40,4,6,0.45,0.0,16,False,640,5436,348,313,343,315,332,317,343,331,334,317,313,313,313,313,313,0.899425,1.000000,313,1.000000,True,True,313,False,0.220
"KR bias p=0.35",kr_p0.35_N40_r2,40,4,4,0.35,0.0,16,False,640,12424,417,380,431,425,474,432,431,476,442,432,383,383,383,383,383,0.918465,1.007895,380,1.007895,True,False,383,False,0.522
"KR bias p=0.49",kr_p0.49_N40_r2,40,4,4,0.49,0.0,16,False,640,6884,321,312,338,320,334,321,338,338,337,321,312,312,312,312,312,0.971963,1.000000,312,1.000000,True,True,312,False,0.285
"KR noise eta=0.02",kr_eta0.02_N40_r2,40,4,4,0.45,0.02,16,False,640,7730,344,323,348,328,350,337,348,346,347,337,323,323,323,323,323,0.938953,1.000000,323,1.000000,True,True,323,False,0.334
"KR noise eta=0.1",kr_eta0.1_N40_r2,40,4,4,0.45,0.1,16,False,640,8227,375,339,356,341,359,356,356,358,360,356,339,339,339,339,339,0.904000,1.000000,339,1.000000,True,True,339,False,0.348
"KR constraint degree d=8",kr_d8_N40_r2,40,8,4,0.45,0.0,16,False,640,16340,361,361,423,390,415,361,423,413,429,361,361,361,361,361,361,1.000000,1.000000,361,1.000000,True,True,361,False,0.502
"KR samples per block s=32",kr_s32_N40_r2,40,4,4,0.45,0.0,32,False,1280,31815,676,676,785,718,767,678,785,759,744,678,676,676,676,676,676,1.000000,1.000000,676,1.000000,True,True,676,False,1.069
"KR linear UG Max-2-Lin(Z_k)",kr_linear_N40_r2,40,4,4,0.45,0.0,16,True,640,8069,352,328,347,334,348,340,347,348,351,340,332,332,332,332,332,0.943182,1.012195,328,1.012195,True,False,332,False,0.342
"KR permutation UG (k=4, p=0.45, eta=0)",kr_base_N80_r0,80,4,4,0.45,0.0,16,False,1280,16462,722,,784,744,778,735,784,777,788,735,720,720,720,720,720,0.997230,,686,1.049563,True,False,720,False,0.714
"KR label size k=3",kr_k3_N80_r0,80,4,3,0.45,0.0,16,False,1280,21752,742,,836,771,776,789,836,776,839,789,757,757,757,757,757,1.020216,,703,1.076814,False,False,757,False,0.847
"KR label size k=6",kr_k6_N80_r0,80,4,6,0.45,0.0,16,False,1280,10148,707,639,681,653,668,656,681,666,675,656,639,639,639,639,639,0.903819,1.000000,639,1.000000,True,True,639,False,0.465
"KR bias p=0.35",kr_p0.35_N80_r0,80,4,4,0.35,0.0,16,False,1280,23759,830,,869,863,897,827,869,905,917,827,768,768,768,766,766,0.922892,,698,1.097421,True,False,768,False,0.986
"KR bias p=0.49",kr_p0.49_N80_r0,80,4,4,0.49,0.0,16,False,1280,12651,648,593,656,599,662,607,656,651,651,607,593,593,593,593,593,0.915123,1.000000,593,1.000000,True,True,593,False,0.832
"KR noise eta=0.02",kr_eta0.02_N80_r0,80,4,4,0.45,0.02,16,False,1280,17089,729,,780,719,746,740,780,740,767,740,709,709,709,709,709,0.972565,,671,1.056632,True,False,709,False,1.049
"KR noise eta=0.1",kr_eta0.1_N80_r0,80,4,4,0.45,0.1,16,False,1280,17143,727,,780,717,756,724,780,757,767,724,703,703,703,703,703,0.966988,,689,1.020319,True,False,703,False,1.049
"KR constraint degree d=8",kr_d8_N80_r0,80,8,4,0.45,0.0,16,False,1280,32631,724,724,830,785,815,737,830,810,811,737,737,737,737,737,737,1.017956,1.017956,724,1.017956,False,False,737,False,1.433
"KR samples per block s=32",kr_s32_N80_r0,80,4,4,0.45,0.0,32,False,2560,67440,1426,,1658,1493,1590,1510,1658,1592,1625,1510,1479,1479,1479,1479,1479,1.037167,,1280,1.155469,False,False,1479,False,3.615
"KR linear UG Max-2-Lin(Z_k)",kr_linear_N80_r0,80,4,4,0.45,0.0,16,True,1280,16463,699,,762,704,750,713,762,734,743,713,696,696,696,696,696,0.995708,,675,1.031111,True,False,696,False,1.006
"KR permutation UG (k=4, p=0.45, eta=0)",kr_base_N80_r1,80,4,4,0.45,0.0,16,False,1280,17132,715,,762,725,773,741,762,766,755,741,713,713,713,713,713,0.997203,,669,1.065770,True,False,713,False,1.346
"KR label size k=3",kr_k3_N80_r1,80,4,3,0.45,0.0,16,False,1280,20865,714,,817,757,754,765,817,754,813,763,743,743,743,743,743,1.040616,,675,1.100741,False,False,743,False,1.350
"KR label size k=6",kr_k6_N80_r1,80,4,6,0.45,0.0,16,False,1280,10795,678,631,673,641,677,653,673,672,669,653,631,631,631,631,631,0.930678,1.000000,631,1.000000,True,True,631,False,0.687
"KR bias p=0.35",kr_p0.35_N80_r1,80,4,4,0.35,0.0,16,False,1280,23865,833,,895,846,918,833,895,913,898,833,784,784,784,784,784,0.941176,,667,1.175412,True,False,784,False,1.774
"KR bias p=0.49",kr_p0.49_N80_r1,80,4,4,0.49,0.0,16,False,1280,13382,634,613,677,629,654,636,677,663,667,636,613,613,613,613,613,0.966877,1.000000,613,1.000000,True,True,613,False,0.564
"KR noise eta=0.02",kr_eta0.02_N80_r1,80,4,4,0.45,0.02,16,False,1280,15848,709,682,748,699,723,717,748,733,740,717,682,682,682,682,682,0.961918,1.000000,682,1.000000,True,True,682,False,0.697
"KR noise eta=0.1",kr_eta0.1_N80_r1,80,4,4,0.45,0.1,16,False,1280,16809,728,,744,700,733,726,744,733,728,726,697,697,697,697,697,0.957418,,679,1.026510,True,False,697,False,0.729
"KR constraint degree d=8",kr_d8_N80_r1,80,8,4,0.45,0.0,16,False,1280,34765,752,,857,760,791,757,857,801,791,757,747,747,747,747,747,0.993351,,742,1.006739,True,False,747,False,1.069
"KR samples per block s=32",kr_s32_N80_r1,80,4,4,0.45,0.0,32,False,2560,66926,1396,,1608,1461,1544,1495,1608,1550,1572,1495,1438,1438,1438,1438,1438,1.030086,,1280,1.123438,False,False,1438,False,2.335
"KR linear UG Max-2-Lin(Z_k)",kr_linear_N80_r1,80,4,4,0.45,0.0,16,True,1280,17023,715,,784,729,788,747,784,793,774,747,717,717,717,716,716,1.001399,,670,1.068657,False,False,717,False,0.802
"KR permutation UG (k=4, p=0.45, eta=0)",kr_base_N80_r2,80,4,4,0.45,0.0,16,False,1280,17148,741,,774,724,752,752,774,755,758,752,712,712,712,712,712,0.960864,,680,1.047059,True,False,712,False,1.194
"KR label size k=3",kr_k3_N80_r2,80,4,3,0.45,0.0,16,False,1280,20042,694,,779,722,725,733,779,725,735,733,706,706,706,706,706,1.017291,,680,1.038235,False,False,706,False,1.180
"KR label size k=6",kr_k6_N80_r2,80,4,6,0.45,0.0,16,False,1280,11114,695,639,695,648,675,657,695,679,687,657,640,640,640,640,640,0.920863,1.001565,639,1.001565,True,False,640,False,0.638
"KR bias p=0.35",kr_p0.35_N80_r2,80,4,4,0.35,0.0,16,False,1280,23986,811,,889,848,925,828,889,925,907,828,780,780,780,780,780,0.961776,,690,1.130435,True,False,780,False,1.551
"KR bias p=0.49",kr_p0.49_N80_r2,80,4,4,0.49,0.0,16,False,1280,13372,640,614,675,625,661,638,675,661,671,638,615,615,615,615,615,0.960938,1.001629,614,1.001629,True,False,615,False,1.051
"KR noise eta=0.02",kr_eta0.02_N80_r2,80,4,4,0.45,0.02,16,False,1280,16558,718,,740,692,720,706,740,717,718,706,688,688,688,688,688,0.958217,,675,1.019259,True,False,688,False,1.262
"KR noise eta=0.1",kr_eta0.1_N80_r2,80,4,4,0.45,0.1,16,False,1280,16735,765,,757,717,762,738,757,750,750,738,705,705,705,705,705,0.921569,,678,1.039823,True,False,705,False,0.722
"KR constraint degree d=8",kr_d8_N80_r2,80,8,4,0.45,0.0,16,False,1280,34543,715,715,827,761,817,722,827,812,810,722,715,715,715,715,715,1.000000,1.000000,715,1.000000,True,True,715,False,1.671
"KR samples per block s=32",kr_s32_N80_r2,80,4,4,0.45,0.0,32,False,2560,65268,1393,,1611,1478,1532,1414,1611,1532,1578,1414,1393,1393,1393,1393,1393,1.000000,,1280,1.088281,True,False,1393,False,3.350
"KR linear UG Max-2-Lin(Z_k)",kr_linear_N80_r2,80,4,4,0.45,0.0,16,True,1280,15987,693,,748,689,733,693,748,730,731,693,671,671,671,671,671,0.968254,,670,1.001493,True,False,671,False,1.032
"KR permutation UG (k=4, p=0.45, eta=0)",kr_base_N160_r0,160,4,4,0.45,0.0,16,False,2560,32285,1432,,1528,1400,1486,1442,1528,1479,1487,1442,1375,1375,1375,1375,1375,0.960196,,1280,1.074219,True,False,1375,False,2.155
"KR label size k=3",kr_k3_N160_r0,160,4,3,0.45,0.0,16,False,2560,41433,1393,,1639,1474,1470,1400,1639,1470,1562,1400,1390,1390,1390,1390,1390,0.997846,,1280,1.085938,True,False,1390,False,2.562
"KR label size k=6",kr_k6_N160_r0,160,4,6,0.45,0.0,16,False,2560,21281,1414,,1377,1288,1331,1295,1377,1332,1361,1295,1268,1268,1268,1268,1268,0.896747,,1258,1.007949,True,False,1268,False,1.321
"KR bias p=0.35",kr_p0.35_N160_r0,160,4,4,0.35,0.0,16,False,2560,47904,1646,,1805,1707,1815,1631,1805,1809,1800,1631,1568,1568,1568,1568,1568,0.952612,,1280,1.225000,True,False,1568,False,2.886
"KR bias p=0.49",kr_p0.49_N160_r0,160,4,4,0.49,0.0,16,False,2560,27504,1296,,1358,1274,1332,1297,1358,1347,1331,1297,1260,1260,1260,1260,1260,0.972222,,1257,1.002387,True,False,1260,False,1.705
"KR noise eta=0.02",kr_eta0.02_N160_r0,160,4,4,0.45,0.02,16,False,2560,33439,1417,,1547,1428,1495,1457,1547,1494,1502,1457,1408,1408,1408,1408,1408,0.993649,,1279,1.100860,True,False,1408,False,2.207
"KR noise eta=0.1",kr_eta0.1_N160_r0,160,4,4,0.45,0.1,16,False,2560,33084,1510,,1502,1410,1481,1460,1502,1486,1476,1460,1392,1392,1392,1392,1392,0.921854,,1278,1.089202,True,False,1392,False,2.261
"KR constraint degree d=8",kr_d8_N160_r0,160,8,4,0.45,0.0,16,False,2560,66818,1426,,1667,1503,1605,1430,1667,1603,1633,1430,1426,1426,1426,1426,1426,1.000000,,1280,1.114062,True,False,1426,False,2.921
"KR samples per block s=32",kr_s32_N160_r0,160,4,4,0.45,0.0,32,False,5120,129082,2798,,3271,2898,3042,2986,3271,3062,3112,2986,2877,2877,2877,2876,2876,1.027877,,2560,1.123438,False,False,2877,False,7.371
"KR linear UG Max-2-Lin(Z_k)",kr_linear_N160_r0,160,4,4,0.45,0.0,16,True,2560,32409,1401,,1534,1388,1462,1434,1534,1473,1514,1434,1374,1374,1374,1374,1374,0.980728,,1280,1.073438,True,False,1374,False,2.194
"KR permutation UG (k=4, p=0.45, eta=0)",kr_base_N160_r1,160,4,4,0.45,0.0,16,False,2560,33186,1409,,1526,1402,1465,1438,1526,1472,1497,1438,1391,1391,1391,1391,1391,0.987225,,1280,1.086719,True,False,1391,False,2.062
"KR label size k=3",kr_k3_N160_r1,160,4,3,0.45,0.0,16,False,2560,42919,1438,,1649,1506,1522,1517,1649,1522,1586,1517,1485,1485,1485,1485,1485,1.032684,,1280,1.160156,False,False,1485,False,2.416
"KR label size k=6",kr_k6_N160_r1,160,4,6,0.45,0.0,16,False,2560,20829,1414,,1372,1284,1323,1293,1372,1317,1349,1293,1266,1266,1266,1266,1266,0.895332,,1258,1.006359,True,False,1266,False,1.594
"KR bias p=0.35",kr_p0.35_N160_r1,160,4,4,0.35,0.0,16,False,2560,48934,1680,,1841,1730,1838,1625,1841,1842,1797,1625,1568,1568,1568,1568,1568,0.933333,,1280,1.225000,True,False,1568,False,3.137
"KR bias p=0.49",kr_p0.49_N160_r1,160,4,4,0.49,0.0,16,False,2560,27822,1321,,1368,1296,1373,1319,1368,1363,1362,1319,1279,1279,1279,1279,1279,0.968206,,1270,1.007087,True,False,1279,False,1.578
"KR noise eta=0.02",kr_eta0.02_N160_r1,160,4,4,0.45,0.02,16,False,2560,34975,1433,,1581,1455,1570,1499,1581,1569,1555,1499,1434,1434,1434,1434,1434,1.000698,,1280,1.120313,False,False,1434,False,2.320
"KR noise eta=0.1",kr_eta0.1_N160_r1,160,4,4,0.45,0.1,16,False,2560,32628,1510,,1521,1404,1490,1444,1521,1492,1482,1444,1391,1391,1391,1391,1391,0.921192,,1280,1.086719,True,False,1391,False,2.184
"KR constraint degree d=8",kr_d8_N160_r1,160,8,4,0.45,0.0,16,False,2560,66918,1387,,1634,1521,1589,1428,1634,1587,1632,1428,1387,1387,1387,1387,1387,1.000000,,1280,1.083594,True,False,1387,False,3.080
"KR samples per block s=32",kr_s32_N160_r1,160,4,4,0.45,0.0,32,False,5120,133538,2818,,3277,2949,3112,3094,3277,3104,3181,3094,2910,2910,2910,2910,2910,1.032647,,2560,1.136719,False,False,2910,False,7.072
"KR linear UG Max-2-Lin(Z_k)",kr_linear_N160_r1,160,4,4,0.45,0.0,16,True,2560,33702,1418,,1539,1446,1533,1477,1539,1522,1516,1477,1425,1425,1425,1425,1425,1.004937,,1280,1.113281,False,False,1425,False,2.138
"KR permutation UG (k=4, p=0.45, eta=0)",kr_base_N160_r2,160,4,4,0.45,0.0,16,False,2560,32838,1431,,1499,1407,1480,1443,1499,1479,1487,1443,1396,1396,1396,1396,1396,0.975542,,1279,1.091478,True,False,1396,False,2.231
"KR label size k=3",kr_k3_N160_r2,160,4,3,0.45,0.0,16,False,2560,41632,1402,,1573,1456,1463,1487,1573,1463,1531,1474,1427,1427,1427,1427,1427,1.017832,,1280,1.114844,False,False,1427,False,3.096
"KR label size k=6",kr_k6_N160_r2,160,4,6,0.45,0.0,16,False,2560,20519,1405,,1336,1258,1312,1284,1336,1313,1332,1284,1243,1243,1243,1243,1243,0.884698,,1243,1.000000,True,False,1243,False,1.579
"KR bias p=0.35",kr_p0.35_N160_r2,160,4,4,0.35,0.0,16,False,2560,49756,1688,,1818,1712,1834,1625,1818,1832,1848,1625,1566,1566,1566,1566,1566,0.927725,,1280,1.223437,True,False,1566,False,3.033
"KR bias p=0.49",kr_p0.49_N160_r2,160,4,4,0.49,0.0,16,False,2560,26665,1300,,1325,1237,1314,1250,1325,1326,1305,1250,1224,1224,1224,1223,1223,0.940769,,1221,1.001638,True,False,1224,False,1.652
"KR noise eta=0.02",kr_eta0.02_N160_r2,160,4,4,0.45,0.02,16,False,2560,33351,1468,,1527,1429,1507,1460,1527,1503,1511,1460,1412,1412,1412,1412,1412,0.961853,,1279,1.103987,True,False,1412,False,2.127
"KR noise eta=0.1",kr_eta0.1_N160_r2,160,4,4,0.45,0.1,16,False,2560,34090,1494,,1541,1411,1479,1463,1541,1487,1498,1463,1395,1395,1395,1394,1394,0.933066,,1279,1.089914,True,False,1395,False,2.265
"KR constraint degree d=8",kr_d8_N160_r2,160,8,4,0.45,0.0,16,False,2560,66240,1411,,1644,1500,1630,1465,1644,1616,1578,1465,1434,1434,1434,1434,1434,1.016300,,1280,1.120313,False,False,1434,False,3.162
"KR samples per block s=32",kr_s32_N160_r2,160,4,4,0.45,0.0,32,False,5120,131863,2800,,3225,2940,3092,2974,3225,3069,3148,2974,2912,2912,2912,2912,2912,1.040000,,2560,1.137500,False,False,2912,False,6.589
"KR linear UG Max-2-Lin(Z_k)",kr_linear_N160_r2,160,4,4,0.45,0.0,16,True,2560,32709,1378,,1507,1406,1498,1425,1507,1484,1454,1425,1385,1385,1385,1385,1385,1.005080,,1279,1.082877,False,False,1385,False,2.355
"KR permutation UG (k=4, p=0.45, eta=0)",kr_base_N320_r0,320,4,4,0.45,0.0,16,False,5120,67511,2797,,3059,2857,3022,2960,3059,3013,3023,2960,2819,2819,2819,2819,2819,1.007866,,2560,1.101172,False,False,2819,False,4.315
"KR label size k=3",kr_k3_N320_r0,320,4,3,0.45,0.0,16,False,5120,82004,2832,,3160,2899,2916,2919,3160,2916,3050,2919,2862,2862,2862,2862,2862,1.010593,,2560,1.117969,False,False,2862,False,4.790
"KR label size k=6",kr_k6_N320_r0,320,4,6,0.45,0.0,16,False,5120,41667,2826,,2723,2590,2649,2586,2723,2653,2691,2586,2538,2538,2538,2538,2538,0.898089,,2513,1.009948,True,False,2538,False,3.128
"KR bias p=0.35",kr_p0.35_N320_r0,320,4,4,0.35,0.0,16,False,5120,98649,3327,,3569,3399,3694,3225,3569,3709,3597,3225,3107,3107,3107,3106,3106,0.933574,,2560,1.213281,True,False,3107,False,6.502
"KR bias p=0.49",kr_p0.49_N320_r0,320,4,4,0.49,0.0,16,False,5120,55033,2595,,2718,2551,2721,2609,2718,2722,2696,2609,2524,2524,2524,2524,2524,0.972640,,2520,1.001587,True,False,2524,False,3.815
"KR noise eta=0.02",kr_eta0.02_N320_r0,320,4,4,0.45,0.02,16,False,5120,66575,2827,,3069,2843,2993,2916,3069,2990,2994,2916,2815,2815,2815,2814,2814,0.995401,,2559,1.099648,True,False,2815,False,5.429
"KR noise eta=0.1",kr_eta0.1_N320_r0,320,4,4,0.45,0.1,16,False,5120,64767,2941,,3004,2801,2952,2909,3004,2949,2960,2909,2775,2775,2775,2775,2775,0.943557,,2560,1.083984,True,False,2775,False,4.454
"KR constraint degree d=8",kr_d8_N320_r0,320,8,4,0.45,0.0,16,False,5120,134141,2849,,3269,3079,3243,2929,3269,3246,3336,2929,2848,2848,2848,2848,2848,0.999649,,2560,1.112500,True,False,2848,False,6.579
"KR linear UG Max-2-Lin(Z_k)",kr_linear_N320_r0,320,4,4,0.45,0.0,16,True,5120,68683,2828,,3148,2886,3025,2929,3148,3025,3084,2929,2843,2843,2843,2843,2843,1.005304,,2560,1.110547,False,False,2843,False,5.254
"KR permutation UG (k=4, p=0.45, eta=0)",kr_base_N320_r1,320,4,4,0.45,0.0,16,False,5120,66191,2801,,3031,2835,2995,2916,3031,2992,3030,2916,2794,2794,2794,2794,2794,0.997501,,2559,1.091833,True,False,2794,False,4.962
"KR label size k=3",kr_k3_N320_r1,320,4,3,0.45,0.0,16,False,5120,83878,2837,,3221,2935,2954,2963,3221,2954,3114,2966,2898,2898,2898,2898,2898,1.021502,,2560,1.132031,False,False,2898,False,5.616
"KR label size k=6",kr_k6_N320_r1,320,4,6,0.45,0.0,16,False,5120,43674,2756,,2761,2611,2711,2643,2761,2708,2727,2643,2573,2573,2573,2573,2573,0.933599,,2523,1.019818,True,False,2573,False,2.871
"KR bias p=0.35",kr_p0.35_N320_r1,320,4,4,0.35,0.0,16,False,5120,95379,3354,,3516,3354,3634,3226,3516,3635,3618,3226,3098,3098,3098,3095,3095,0.922779,,2560,1.208984,True,False,3098,False,6.194
"KR bias p=0.49",kr_p0.49_N320_r1,320,4,4,0.49,0.0,16,False,5120,55201,2581,,2682,2523,2668,2586,2682,2658,2662,2586,2502,2502,2502,2502,2502,0.969392,,2499,1.001200,True,False,2502,False,3.537
"KR noise eta=0.02",kr_eta0.02_N320_r1,320,4,4,0.45,0.02,16,False,5120,67124,2818,,3067,2840,2995,2935,3067,2998,3025,2935,2799,2799,2799,2799,2799,0.993258,,2559,1.093787,True,False,2799,False,4.058
"KR noise eta=0.1",kr_eta0.1_N320_r1,320,4,4,0.45,0.1,16,False,5120,66892,2972,,3096,2853,2995,2946,3096,2994,3039,2946,2828,2828,2828,2828,2828,0.951548,,2558,1.105551,True,False,2828,False,4.572
"KR constraint degree d=8",kr_d8_N320_r1,320,8,4,0.45,0.0,16,False,5120,133185,2810,,3281,3052,3197,2848,3281,3198,3229,2848,2810,2810,2810,2810,2810,1.000000,,2560,1.097656,True,False,2810,False,6.443
"KR linear UG Max-2-Lin(Z_k)",kr_linear_N320_r1,320,4,4,0.45,0.0,16,True,5120,66464,2821,,3102,2836,3013,2926,3102,3027,3051,2926,2815,2815,2815,2815,2815,0.997873,,2559,1.100039,True,False,2815,False,4.587
"KR permutation UG (k=4, p=0.45, eta=0)",kr_base_N320_r2,320,4,4,0.45,0.0,16,False,5120,66209,2841,,3059,2820,2976,2903,3059,2962,2996,2903,2785,2785,2785,2785,2785,0.980289,,2560,1.087891,True,False,2785,False,4.333
"KR label size k=3",kr_k3_N320_r2,320,4,3,0.45,0.0,16,False,5120,81654,2782,,3155,2898,2898,2932,3155,2898,3051,2915,2848,2848,2848,2848,2848,1.023724,,2560,1.112500,False,False,2848,False,5.066
"KR label size k=6",kr_k6_N320_r2,320,4,6,0.45,0.0,16,False,5120,42270,2851,,2726,2568,2646,2609,2726,2654,2687,2609,2545,2545,2545,2545,2545,0.892669,,2517,1.011124,True,False,2545,False,2.733
"KR bias p=0.35",kr_p0.35_N320_r2,320,4,4,0.35,0.0,16,False,5120,96313,3380,,3605,3406,3693,3315,3605,3695,3660,3315,3115,3115,3115,3114,3114,0.921302,,2560,1.216406,True,False,3115,False,6.273
"KR bias p=0.49",kr_p0.49_N320_r2,320,4,4,0.49,0.0,16,False,5120,56326,2681,,2779,2573,2704,2650,2779,2713,2736,2650,2551,2551,2551,2551,2551,0.951511,,2539,1.004726,True,False,2551,False,3.379
"KR noise eta=0.02",kr_eta0.02_N320_r2,320,4,4,0.45,0.02,16,False,5120,65558,2856,,3002,2811,2949,2881,3002,2951,2946,2881,2772,2772,2772,2772,2772,0.970588,,2560,1.082812,True,False,2772,False,4.334
"KR noise eta=0.1",kr_eta0.1_N320_r2,320,4,4,0.45,0.1,16,False,5120,64336,2927,,3033,2769,2935,2879,3033,2941,2980,2879,2752,2752,2752,2752,2752,0.940212,,2559,1.075420,True,False,2752,False,4.421
"KR constraint degree d=8",kr_d8_N320_r2,320,8,4,0.45,0.0,16,False,5120,128516,2801,,3276,3025,3171,2822,3276,3180,3276,2822,2801,2801,2801,2801,2801,1.000000,,2560,1.094141,True,False,2801,False,5.900
"KR linear UG Max-2-Lin(Z_k)",kr_linear_N320_r2,320,4,4,0.45,0.0,16,True,5120,66900,2839,,3089,2838,2979,2917,3089,2993,3009,2917,2809,2809,2809,2809,2809,0.989433,,2560,1.097266,True,False,2809,False,4.412
